route,class,start_days_left,policy,mean_saving_inr,median_saving_inr,win_rate,mean_regret_inr,worst_downside_inr,p10_saving_inr,flights
Bangalore->Chennai,Economy,60,advisor_v1,0.0,0.0,0.0,916.5349999999999,0.0,0.0,2
Bangalore->Chennai,Economy,60,advisor_v2,0.0,0.0,0.0,916.5349999999999,0.0,0.0,2
Bangalore->Chennai,Economy,60,book_immediately,0.0,0.0,0.0,916.5349999999999,0.0,0.0,2
Bangalore->Chennai,Economy,60,fixed_21_day,-782.02,-782.02,0.0,1698.5549999999998,-863.25,-847.004,2
Bangalore->Chennai,Economy,60,oracle,916.5349999999999,916.5349999999999,1.0,0.0,575.6099999999997,643.7949999999997,2
Bangalore->Chennai,Economy,60,random_day,-782.02,-782.02,0.0,1698.5549999999998,-863.25,-847.004,2
Bangalore->Hyderabad,Economy,60,advisor_v1,0.0,0.0,0.0,389.5033333333331,0.0,0.0,3
Bangalore->Hyderabad,Economy,60,advisor_v2,0.0,0.0,0.0,389.5033333333331,0.0,0.0,3
Bangalore->Hyderabad,Economy,60,book_immediately,0.0,0.0,0.0,389.5033333333331,0.0,0.0,3
Bangalore->Hyderabad,Economy,60,fixed_21_day,-40.1233333333333,-29.48999999999978,0.0,429.6266666666664,-74.59000000000015,-65.57000000000008,3
Bangalore->Hyderabad,Economy,60,oracle,389.5033333333331,118.0,1.0,0.0,94.90999999999985,99.52799999999988,3
Bangalore->Hyderabad,Economy,60,random_day,-28.453333333333376,0.0,0.3333333333333333,417.9566666666665,-436.30999999999995,-349.04799999999994,3
Bangalore->Kolkata,Business,60,advisor_v1,0.0,0.0,0.0,3721.7233333333334,0.0,0.0,3
Bangalore->Kolkata,Business,60,advisor_v2,0.0,0.0,0.0,3721.7233333333334,0.0,0.0,3
Bangalore->Kolkata,Business,60,book_immediately,0.0,0.0,0.0,3721.7233333333334,0.0,0.0,3
Bangalore->Kolkata,Business,60,fixed_21_day,59.23000000000078,-174.51000000000204,0.3333333333333333,3662.4933333333324,-3444.8099999999977,-2790.7499999999986,3
Bangalore->Kolkata,Business,60,oracle,3721.7233333333334,2126.790000000001,1.0,0.0,1504.2499999999982,1628.7579999999987,3
Bangalore->Kolkata,Business,60,random_day,-1012.2599999999996,-1064.8700000000026,0.3333333333333333,4733.983333333333,-3444.8099999999977,-2968.8219999999988,3
Bangalore->Kolkata,Economy,60,advisor_v1,0.0,0.0,0.0,1398.7166666666672,0.0,0.0,3
Bangalore->Kolkata,Economy,60,advisor_v2,0.0,0.0,0.0,1398.7166666666672,0.0,0.0,3
Bangalore->Kolkata,Economy,60,book_immediately,0.0,0.0,0.0,1398.7166666666672,0.0,0.0,3
Bangalore->Kolkata,Economy,60,fixed_21_day,57.550000000000786,-188.84999999999945,0.3333333333333333,1341.1666666666663,-332.2999999999993,-303.60999999999933,3
Bangalore->Kolkata,Economy,60,oracle,1398.7166666666672,1473.0200000000004,1.0,0.0,1120.3000000000002,1190.8440000000003,3
Bangalore->Kolkata,Economy,60,random_day,172.65000000000055,13.600000000000364,0.6666666666666666,1226.0666666666666,-377.47999999999956,-299.26399999999956,3
Bangalore->Mumbai,Economy,60,advisor_v1,0.0,0.0,0.0,2379.330000000001,0.0,0.0,1
Bangalore->Mumbai,Economy,60,advisor_v2,0.0,0.0,0.0,2379.330000000001,0.0,0.0,1
Bangalore->Mumbai,Economy,60,book_immediately,0.0,0.0,0.0,2379.330000000001,0.0,0.0,1
Bangalore->Mumbai,Economy,60,fixed_21_day,2209.2000000000007,2209.2000000000007,1.0,170.1300000000001,2209.2000000000007,2209.2000000000007,1
Bangalore->Mumbai,Economy,60,oracle,2379.330000000001,2379.330000000001,1.0,0.0,2379.330000000001,2379.330000000001,1
Bangalore->Mumbai,Economy,60,random_day,2379.330000000001,2379.330000000001,1.0,0.0,2379.330000000001,2379.330000000001,1
Chennai->Bangalore,Business,60,advisor_v1,0.0,0.0,0.0,5967.3099999999995,0.0,0.0,1
Chennai->Bangalore,Business,60,advisor_v2,0.0,0.0,0.0,5967.3099999999995,0.0,0.0,1
Chennai->Bangalore,Business,60,book_immediately,0.0,0.0,0.0,5967.3099999999995,0.0,0.0,1
Chennai->Bangalore,Business,60,fixed_21_day,-1807.3600000000006,-1807.3600000000006,0.0,7774.67,-1807.3600000000006,-1807.3600000000006,1
Chennai->Bangalore,Business,60,oracle,5967.3099999999995,5967.3099999999995,1.0,0.0,5967.3099999999995,5967.3099999999995,1
Chennai->Bangalore,Business,60,random_day,-647.9200000000019,-647.9200000000019,0.0,6615.230000000001,-647.9200000000019,-647.9200000000019,1
Chennai->Bangalore,Economy,60,advisor_v1,0.0,0.0,0.0,260.70333333333355,0.0,0.0,3
Chennai->Bangalore,Economy,60,advisor_v2,0.0,0.0,0.0,260.70333333333355,0.0,0.0,3
Chennai->Bangalore,Economy,60,book_immediately,0.0,0.0,0.0,260.70333333333355,0.0,0.0,3
Chennai->Bangalore,Economy,60,fixed_21_day,63.39000000000018,311.3300000000004,0.6666666666666666,197.31333333333336,-476.27999999999975,-318.7579999999997,3
Chennai->Bangalore,Economy,60,oracle,260.70333333333355,378.3800000000001,1.0,0.0,3.3600000000001273,78.36400000000013,3
Chennai->Bangalore,Economy,60,random_day,-142.82999999999979,-110.55999999999995,0.3333333333333333,403.5333333333333,-696.3099999999995,-579.1599999999996,3
Chennai->Delhi,Economy,60,advisor_v1,0.0,0.0,0.0,843.6266666666667,0.0,0.0,6
Chennai->Delhi,Economy,60,advisor_v2,0.0,0.0,0.0,843.6266666666667,0.0,0.0,6
Chennai->Delhi,Economy,60,book_immediately,0.0,0.0,0.0,843.6266666666667,0.0,0.0,6
Chennai->Delhi,Economy,60,fixed_21_day,-94.28333333333315,-148.22999999999956,0.3333333333333333,937.9099999999999,-690.1800000000003,-515.6700000000001,6
Chennai->Delhi,Economy,60,oracle,843.6266666666667,916.1400000000003,1.0,0.0,315.0500000000002,577.5100000000002,6
Chennai->Delhi,Economy,60,random_day,597.1966666666667,911.7650000000003,0.6666666666666666,246.42999999999998,-256.5699999999997,-157.40499999999975,6
Chennai->Hyderabad,Economy,60,advisor_v1,0.0,0.0,0.0,2053.88,0.0,0.0,2
Chennai->Hyderabad,Economy,60,advisor_v2,0.0,0.0,0.0,2053.88,0.0,0.0,2
Chennai->Hyderabad,Economy,60,book_immediately,0.0,0.0,0.0,2053.88,0.0,0.0,2
Chennai->Hyderabad,Economy,60,fixed_21_day,1356.0200000000004,1356.0200000000004,0.5,697.8599999999997,-209.97999999999956,103.22000000000048,2
Chennai->Hyderabad,Economy,60,oracle,2053.88,2053.88,1.0,0.0,442.4499999999998,764.7359999999999,2
Chennai->Hyderabad,Economy,60,random_day,641.8400000000001,641.8400000000001,0.5,1412.04,-1102.46,-753.5999999999999,2
Chennai->Mumbai,Business,60,advisor_v1,0.0,0.0,0.0,0.0,0.0,0.0,2
Chennai->Mumbai,Business,60,advisor_v2,0.0,0.0,0.0,0.0,0.0,0.0,2
Chennai->Mumbai,Business,60,book_immediately,0.0,0.0,0.0,0.0,0.0,0.0,2
Chennai->Mumbai,Business,60,fixed_21_day,-6577.07,-6577.07,0.0,6577.07,-9838.029999999999,-9185.838,2
Chennai->Mumbai,Business,60,oracle,0.0,0.0,0.0,0.0,0.0,0.0,2
Chennai->Mumbai,Business,60,random_day,-6566.865,-6566.865,0.0,6566.865,-7147.0,-7030.973,2
Chennai->Mumbai,Economy,60,advisor_v1,0.0,0.0,0.0,1189.3,0.0,0.0,2
Chennai->Mumbai,Economy,60,advisor_v2,0.0,0.0,0.0,1189.3,0.0,0.0,2
Chennai->Mumbai,Economy,60,book_immediately,0.0,0.0,0.0,1189.3,0.0,0.0,2
Chennai->Mumbai,Economy,60,fixed_21_day,-642.0700000000002,-642.0700000000002,0.5,1831.3700000000001,-1338.3999999999996,-1199.1339999999998,2
Chennai->Mumbai,Economy,60,oracle,1189.3,1189.3,1.0,0.0,524.0999999999999,657.1399999999999,2
Chennai->Mumbai,Economy,60,random_day,104.85999999999967,104.85999999999967,1.0,1084.4400000000003,54.25999999999931,64.37999999999938,2
Delhi->Bangalore,Business,60,advisor_v1,0.0,0.0,0.0,10760.739999999998,0.0,0.0,1
Delhi->Bangalore,Business,60,advisor_v2,0.0,0.0,0.0,10760.739999999998,0.0,0.0,1
Delhi->Bangalore,Business,60,book_immediately,0.0,0.0,0.0,10760.739999999998,0.0,0.0,1
Delhi->Bangalore,Business,60,fixed_21_day,2619.0999999999985,2619.0999999999985,1.0,8141.639999999999,2619.0999999999985,2619.0999999999985,1
Delhi->Bangalore,Business,60,oracle,10760.739999999998,10760.739999999998,1.0,0.0,10760.739999999998,10760.739999999998,1
Delhi->Bangalore,Business,60,random_day,2619.0999999999985,2619.0999999999985,1.0,8141.639999999999,2619.0999999999985,2619.0999999999985,1
Delhi->Bangalore,Economy,60,advisor_v1,0.0,0.0,0.0,686.0959999999999,0.0,0.0,5
Delhi->Bangalore,Economy,60,advisor_v2,0.0,0.0,0.0,686.0959999999999,0.0,0.0,5
Delhi->Bangalore,Economy,60,book_immediately,0.0,0.0,0.0,686.0959999999999,0.0,0.0,5
Delhi->Bangalore,Economy,60,fixed_21_day,100.87600000000002,186.55999999999995,0.6,585.2199999999999,-547.6599999999999,-498.1759999999998,5
Delhi->Bangalore,Economy,60,oracle,686.0959999999999,444.27000000000044,1.0,0.0,186.55999999999995,249.8919999999999,5
Delhi->Bangalore,Economy,60,random_day,100.954,0.0,0.4,585.1419999999999,-547.6599999999999,-430.1039999999999,5
Delhi->Chennai,Business,60,advisor_v1,0.0,0.0,0.0,1239.7600000000002,0.0,0.0,1
Delhi->Chennai,Business,60,advisor_v2,0.0,0.0,0.0,1239.7600000000002,0.0,0.0,1
Delhi->Chennai,Business,60,book_immediately,0.0,0.0,0.0,1239.7600000000002,0.0,0.0,1
Delhi->Chennai,Business,60,fixed_21_day,1239.7600000000002,1239.7600000000002,1.0,0.0,1239.7600000000002,1239.7600000000002,1
Delhi->Chennai,Business,60,oracle,1239.7600000000002,1239.7600000000002,1.0,0.0,1239.7600000000002,1239.7600000000002,1
Delhi->Chennai,Business,60,random_day,1239.7600000000002,1239.7600000000002,1.0,0.0,1239.7600000000002,1239.7600000000002,1
Delhi->Chennai,Economy,60,advisor_v1,0.0,0.0,0.0,874.345,0.0,0.0,2
Delhi->Chennai,Economy,60,advisor_v2,0.0,0.0,0.0,874.345,0.0,0.0,2
Delhi->Chennai,Economy,60,book_immediately,0.0,0.0,0.0,874.345,0.0,0.0,2
Delhi->Chennai,Economy,60,fixed_21_day,-332.4099999999996,-332.4099999999996,0.0,1206.7549999999997,-583.6299999999997,-533.3859999999996,2
Delhi->Chennai,Economy,60,oracle,874.345,874.345,1.0,0.0,551.48,616.053,2
Delhi->Chennai,Economy,60,random_day,-897.935,-897.935,0.0,1772.28,-1795.87,-1616.283,2
Delhi->Hyderabad,Business,60,advisor_v1,0.0,0.0,0.0,2651.540000000001,0.0,0.0,1
Delhi->Hyderabad,Business,60,advisor_v2,0.0,0.0,0.0,2651.540000000001,0.0,0.0,1
Delhi->Hyderabad,Business,60,book_immediately,0.0,0.0,0.0,2651.540000000001,0.0,0.0,1
Delhi->Hyderabad,Business,60,fixed_21_day,2651.540000000001,2651.540000000001,1.0,0.0,2651.540000000001,2651.540000000001,1
Delhi->Hyderabad,Business,60,oracle,2651.540000000001,2651.540000000001,1.0,0.0,2651.540000000001,2651.540000000001,1
Delhi->Hyderabad,Business,60,random_day,-1964.1399999999994,-1964.1399999999994,0.0,4615.68,-1964.1399999999994,-1964.1399999999994,1
Delhi->Hyderabad,Economy,60,advisor_v1,0.0,0.0,0.0,814.895,0.0,0.0,2
Delhi->Hyderabad,Economy,60,advisor_v2,0.0,0.0,0.0,814.895,0.0,0.0,2
Delhi->Hyderabad,Economy,60,book_immediately,0.0,0.0,0.0,814.895,0.0,0.0,2
Delhi->Hyderabad,Economy,60,fixed_21_day,-861.0350000000003,-861.0350000000003,0.0,1675.9300000000003,-1436.9900000000007,-1321.7990000000007,2
Delhi->Hyderabad,Economy,60,oracle,814.895,814.895,1.0,0.0,791.4200000000001,796.115,2
Delhi->Hyderabad,Economy,60,random_day,-596.0500000000002,-596.0500000000002,0.5,1410.9450000000002,-1436.9900000000007,-1268.8020000000006,2
Delhi->Kolkata,Business,60,advisor_v1,0.0,0.0,0.0,4671.855000000002,0.0,0.0,2
Delhi->Kolkata,Business,60,advisor_v2,0.0,0.0,0.0,4671.855000000002,0.0,0.0,2
Delhi->Kolkata,Business,60,book_immediately,0.0,0.0,0.0,4671.855000000002,0.0,0.0,2
Delhi->Kolkata,Business,60,fixed_21_day,2823.455000000001,2823.455000000001,1.0,1848.4000000000015,2419.000000000002,2499.8910000000014,2
Delhi->Kolkata,Business,60,oracle,4671.855000000002,4671.855000000002,1.0,0.0,2895.930000000002,3251.115000000002,2
Delhi->Kolkata,Business,60,random_day,797.6500000000015,797.6500000000015,0.5,3874.205000000001,-722.2899999999972,-418.30199999999746,2
Delhi->Mumbai,Economy,60,advisor_v1,0.0,0.0,0.0,1982.1000000000004,0.0,0.0,1
Delhi->Mumbai,Economy,60,advisor_v2,0.0,0.0,0.0,1982.1000000000004,0.0,0.0,1
Delhi->Mumbai,Economy,60,book_immediately,0.0,0.0,0.0,1982.1000000000004,0.0,0.0,1
Delhi->Mumbai,Economy,60,fixed_21_day,1301.7000000000007,1301.7000000000007,1.0,680.3999999999996,1301.7000000000007,1301.7000000000007,1
Delhi->Mumbai,Economy,60,oracle,1982.1000000000004,1982.1000000000004,1.0,0.0,1982.1000000000004,1982.1000000000004,1
Delhi->Mumbai,Economy,60,random_day,1771.38,1771.38,1.0,210.72000000000025,1771.38,1771.38,1
Hyderabad->Bangalore,Business,60,advisor_v1,0.0,0.0,0.0,1540.4899999999998,0.0,0.0,1
Hyderabad->Bangalore,Business,60,advisor_v2,0.0,0.0,0.0,1540.4899999999998,0.0,0.0,1
Hyderabad->Bangalore,Business,60,book_immediately,0.0,0.0,0.0,1540.4899999999998,0.0,0.0,1
Hyderabad->Bangalore,Business,60,fixed_21_day,-458.8799999999992,-458.8799999999992,0.0,1999.369999999999,-458.8799999999992,-458.8799999999992,1
Hyderabad->Bangalore,Business,60,oracle,1540.4899999999998,1540.4899999999998,1.0,0.0,1540.4899999999998,1540.4899999999998,1
Hyderabad->Bangalore,Business,60,random_day,-805.25,-805.25,0.0,2345.74,-805.25,-805.25,1
Hyderabad->Bangalore,Economy,60,advisor_v1,0.0,0.0,0.0,1044.11,0.0,0.0,3
Hyderabad->Bangalore,Economy,60,advisor_v2,0.0,0.0,0.0,1044.11,0.0,0.0,3
Hyderabad->Bangalore,Economy,60,book_immediately,0.0,0.0,0.0,1044.11,0.0,0.0,3
Hyderabad->Bangalore,Economy,60,fixed_21_day,4.030000000000048,-731.0,0.3333333333333333,1040.08,-968.9099999999999,-921.3279999999999,3
Hyderabad->Bangalore,Economy,60,oracle,1044.11,248.82999999999993,0.6666666666666666,0.0,0.0,49.76599999999999,3
Hyderabad->Bangalore,Economy,60,random_day,-37.789999999999964,-482.5799999999999,0.3333333333333333,1081.8999999999999,-968.9099999999999,-871.6439999999999,3
Hyderabad->Chennai,Economy,60,advisor_v1,0.0,0.0,0.0,397.49799999999993,0.0,0.0,5
Hyderabad->Chennai,Economy,60,advisor_v2,0.0,0.0,0.0,397.49799999999993,0.0,0.0,5
Hyderabad->Chennai,Economy,60,book_immediately,0.0,0.0,0.0,397.49799999999993,0.0,0.0,5
Hyderabad->Chennai,Economy,60,fixed_21_day,-549.5060000000001,-129.55999999999995,0.4,947.0040000000001,-1915.6900000000005,-1541.0140000000004,5
Hyderabad->Chennai,Economy,60,oracle,397.49799999999993,308.7399999999998,0.8,0.0,0.0,74.1119999999999,5
Hyderabad->Chennai,Economy,60,random_day,-1467.188,-124.62000000000035,0.2,1864.6860000000001,-6708.959999999999,-4352.2919999999995,5
Hyderabad->Delhi,Business,60,advisor_v1,0.0,0.0,0.0,2058.285,0.0,0.0,2
Hyderabad->Delhi,Business,60,advisor_v2,0.0,0.0,0.0,2058.285,0.0,0.0,2
Hyderabad->Delhi,Business,60,book_immediately,0.0,0.0,0.0,2058.285,0.0,0.0,2
Hyderabad->Delhi,Business,60,fixed_21_day,246.54500000000098,246.54500000000098,0.5,1811.7399999999989,-807.8299999999999,-596.9549999999997,2
Hyderabad->Delhi,Business,60,oracle,2058.285,2058.285,0.5,0.0,0.0,411.657,2
Hyderabad->Delhi,Business,60,random_day,232.82499999999982,232.82499999999982,0.5,1825.46,-807.8299999999999,-599.699,2
Hyderabad->Delhi,Economy,60,advisor_v1,0.0,0.0,0.0,19.454999999999927,0.0,0.0,2
Hyderabad->Delhi,Economy,60,advisor_v2,0.0,0.0,0.0,19.454999999999927,0.0,0.0,2
Hyderabad->Delhi,Economy,60,book_immediately,0.0,0.0,0.0,19.454999999999927,0.0,0.0,2
Hyderabad->Delhi,Economy,60,fixed_21_day,-1305.4299999999998,-1305.4299999999998,0.0,1324.8849999999998,-2135.66,-1969.6139999999998,2
Hyderabad->Delhi,Economy,60,oracle,19.454999999999927,19.454999999999927,0.5,0.0,0.0,3.890999999999986,2
Hyderabad->Delhi,Economy,60,random_day,-848.9299999999998,-848.9299999999998,0.0,868.3849999999998,-1327.08,-1231.4499999999998,2
Hyderabad->Kolkata,Economy,60,advisor_v1,0.0,0.0,0.0,645.583333333333,0.0,0.0,3
Hyderabad->Kolkata,Economy,60,advisor_v2,0.0,0.0,0.0,645.583333333333,0.0,0.0,3
Hyderabad->Kolkata,Economy,60,book_immediately,0.0,0.0,0.0,645.583333333333,0.0,0.0,3
Hyderabad->Kolkata,Economy,60,fixed_21_day,-258.5499999999999,-460.0,0.3333333333333333,904.1333333333329,-500.33999999999924,-492.27199999999937,3
Hyderabad->Kolkata,Economy,60,oracle,645.583333333333,390.46999999999935,1.0,0.0,195.89000000000033,234.80600000000013,3
Hyderabad->Kolkata,Economy,60,random_day,-171.38999999999973,-13.829999999999927,0.0,816.9733333333328,-500.33999999999924,-403.0379999999994,3
Hyderabad->Mumbai,Economy,60,advisor_v1,0.0,0.0,0.0,477.5757142857143,0.0,0.0,7
Hyderabad->Mumbai,Economy,60,advisor_v2,0.0,0.0,0.0,477.5757142857143,0.0,0.0,7
Hyderabad->Mumbai,Economy,60,book_immediately,0.0,0.0,0.0,477.5757142857143,0.0,0.0,7
Hyderabad->Mumbai,Economy,60,fixed_21_day,-500.5457142857143,-136.3499999999999,0.2857142857142857,978.1214285714286,-1787.9400000000005,-1692.8760000000002,7
Hyderabad->Mumbai,Economy,60,oracle,477.5757142857143,212.48000000000047,0.7142857142857143,0.0,0.0,0.0,7
Hyderabad->Mumbai,Economy,60,random_day,-614.1057142857145,-222.90999999999985,0.14285714285714285,1091.6814285714288,-1633.2000000000007,-1544.3700000000006,7
Kolkata->Bangalore,Economy,60,advisor_v1,0.0,0.0,0.0,374.9433333333336,0.0,0.0,3
Kolkata->Bangalore,Economy,60,advisor_v2,0.0,0.0,0.0,374.9433333333336,0.0,0.0,3
Kolkata->Bangalore,Economy,60,book_immediately,0.0,0.0,0.0,374.9433333333336,0.0,0.0,3
Kolkata->Bangalore,Economy,60,fixed_21_day,-461.8433333333326,-478.2999999999993,0.0,836.7866666666663,-861.4299999999994,-784.8039999999994,3
Kolkata->Bangalore,Economy,60,oracle,374.9433333333336,274.9300000000003,0.6666666666666666,0.0,0.0,54.98600000000006,3
Kolkata->Bangalore,Economy,60,random_day,-178.63999999999942,-91.38999999999942,0.3333333333333333,553.583333333333,-478.2999999999993,-400.9179999999993,3
Kolkata->Chennai,Economy,60,advisor_v1,0.0,0.0,0.0,1257.0966666666666,0.0,0.0,3
Kolkata->Chennai,Economy,60,advisor_v2,0.0,0.0,0.0,1257.0966666666666,0.0,0.0,3
Kolkata->Chennai,Economy,60,book_immediately,0.0,0.0,0.0,1257.0966666666666,0.0,0.0,3
Kolkata->Chennai,Economy,60,fixed_21_day,6.089999999999843,88.00999999999931,0.6666666666666666,1251.006666666667,-262.8199999999997,-192.65399999999988,3
Kolkata->Chennai,Economy,60,oracle,1257.0966666666666,1808.6999999999998,0.6666666666666666,0.0,0.0,361.74,3
Kolkata->Chennai,Economy,60,random_day,-4376.29,-603.1700000000001,0.0,5633.386666666666,-12444.72,-10076.41,3
Kolkata->Delhi,Business,60,advisor_v1,0.0,0.0,0.0,0.0,0.0,0.0,1
Kolkata->Delhi,Business,60,advisor_v2,0.0,0.0,0.0,0.0,0.0,0.0,1
Kolkata->Delhi,Business,60,book_immediately,0.0,0.0,0.0,0.0,0.0,0.0,1
Kolkata->Delhi,Business,60,fixed_21_day,-4648.49,-4648.49,0.0,4648.49,-4648.49,-4648.49,1
Kolkata->Delhi,Business,60,oracle,0.0,0.0,0.0,0.0,0.0,0.0,1
Kolkata->Delhi,Business,60,random_day,-2537.6600000000017,-2537.6600000000017,0.0,2537.6600000000017,-2537.6600000000017,-2537.6600000000017,1
Kolkata->Delhi,Economy,60,advisor_v1,0.0,0.0,0.0,733.255,0.0,0.0,4
Kolkata->Delhi,Economy,60,advisor_v2,0.0,0.0,0.0,733.255,0.0,0.0,4
Kolkata->Delhi,Economy,60,book_immediately,0.0,0.0,0.0,733.255,0.0,0.0,4
Kolkata->Delhi,Economy,60,fixed_21_day,733.255,573.1100000000001,1.0,0.0,408.4199999999996,420.6629999999997,4
Kolkata->Delhi,Economy,60,oracle,733.255,573.1100000000001,1.0,0.0,408.4199999999996,420.6629999999997,4
Kolkata->Delhi,Economy,60,random_day,-70.25500000000011,0.0,0.25,803.5100000000001,-881.96,-617.3720000000001,4
Kolkata->Hyderabad,Economy,60,advisor_v1,0.0,0.0,0.0,724.8200000000002,0.0,0.0,4
Kolkata->Hyderabad,Economy,60,advisor_v2,0.0,0.0,0.0,724.8200000000002,0.0,0.0,4
Kolkata->Hyderabad,Economy,60,book_immediately,0.0,0.0,0.0,724.8200000000002,0.0,0.0,4
Kolkata->Hyderabad,Economy,60,fixed_21_day,-352.0,-185.51499999999987,0.5,1076.8200000000002,-1180.83,-943.0769999999998,4
Kolkata->Hyderabad,Economy,60,oracle,724.8200000000002,816.0350000000001,1.0,0.0,89.95000000000027,274.2430000000003,4
Kolkata->Hyderabad,Economy,60,random_day,-744.3950000000001,-340.78,0.5,1469.2150000000001,-2696.4500000000007,-2097.1700000000005,4
Kolkata->Mumbai,Economy,60,advisor_v1,0.0,0.0,0.0,691.1400000000001,0.0,0.0,2
Kolkata->Mumbai,Economy,60,advisor_v2,0.0,0.0,0.0,691.1400000000001,0.0,0.0,2
Kolkata->Mumbai,Economy,60,book_immediately,0.0,0.0,0.0,691.1400000000001,0.0,0.0,2
Kolkata->Mumbai,Economy,60,fixed_21_day,-65.05999999999949,-65.05999999999949,0.5,756.1999999999996,-770.2299999999996,-629.1959999999996,2
Kolkata->Mumbai,Economy,60,oracle,691.1400000000001,691.1400000000001,0.5,0.0,0.0,138.22800000000004,2
Kolkata->Mumbai,Economy,60,random_day,96.81500000000051,96.81500000000051,0.5,594.3249999999996,-770.2299999999996,-596.8209999999996,2
Mumbai->Bangalore,Business,60,advisor_v1,0.0,0.0,0.0,5786.170000000001,0.0,0.0,2
Mumbai->Bangalore,Business,60,advisor_v2,0.0,0.0,0.0,5786.170000000001,0.0,0.0,2
Mumbai->Bangalore,Business,60,book_immediately,0.0,0.0,0.0,5786.170000000001,0.0,0.0,2
Mumbai->Bangalore,Business,60,fixed_21_day,-793.9950000000008,-793.9950000000008,0.5,6580.165000000002,-3247.890000000003,-2757.1110000000026,2
Mumbai->Bangalore,Business,60,oracle,5786.170000000001,5786.170000000001,1.0,0.0,3513.0,3967.634,2
Mumbai->Bangalore,Business,60,random_day,1874.9249999999993,1874.9249999999993,1.0,3911.2450000000017,1658.8400000000001,1702.057,2
Mumbai->Bangalore,Economy,60,advisor_v1,0.0,0.0,0.0,1308.08,0.0,0.0,4
Mumbai->Bangalore,Economy,60,advisor_v2,0.0,0.0,0.0,1308.08,0.0,0.0,4
Mumbai->Bangalore,Economy,60,book_immediately,0.0,0.0,0.0,1308.08,0.0,0.0,4
Mumbai->Bangalore,Economy,60,fixed_21_day,561.7274999999998,330.5499999999995,1.0,746.3525000000002,236.14000000000033,245.70100000000016,4
Mumbai->Bangalore,Economy,60,oracle,1308.08,1401.4499999999998,1.0,0.0,268.00999999999976,584.2579999999996,4
Mumbai->Bangalore,Economy,60,random_day,-341.9225000000001,-703.71,0.25,1650.0025,-1309.9400000000005,-1292.3810000000003,4
Mumbai->Chennai,Business,60,advisor_v1,0.0,0.0,0.0,3479.129999999999,0.0,0.0,1
Mumbai->Chennai,Business,60,advisor_v2,0.0,0.0,0.0,3479.129999999999,0.0,0.0,1
Mumbai->Chennai,Business,60,book_immediately,0.0,0.0,0.0,3479.129999999999,0.0,0.0,1
Mumbai->Chennai,Business,60,fixed_21_day,-1516.340000000002,-1516.340000000002,0.0,4995.470000000001,-1516.340000000002,-1516.340000000002,1
Mumbai->Chennai,Business,60,oracle,3479.129999999999,3479.129999999999,1.0,0.0,3479.129999999999,3479.129999999999,1
Mumbai->Chennai,Business,60,random_day,-2784.8200000000015,-2784.8200000000015,0.0,6263.950000000001,-2784.8200000000015,-2784.8200000000015,1
Mumbai->Chennai,Economy,60,advisor_v1,0.0,0.0,0.0,227.08333333333303,0.0,0.0,3
Mumbai->Chennai,Economy,60,advisor_v2,0.0,0.0,0.0,227.08333333333303,0.0,0.0,3
Mumbai->Chennai,Economy,60,book_immediately,0.0,0.0,0.0,227.08333333333303,0.0,0.0,3
Mumbai->Chennai,Economy,60,fixed_21_day,-582.1633333333333,-725.29,0.3333333333333333,809.2466666666663,-1155.1899999999996,-1069.2099999999996,3
Mumbai->Chennai,Economy,60,oracle,227.08333333333303,222.14999999999964,0.6666666666666666,0.0,0.0,44.42999999999993,3
Mumbai->Chennai,Economy,60,random_day,-1272.7200000000003,-1106.1800000000003,0.0,1499.8033333333333,-1725.38,-1601.5400000000002,3
Mumbai->Delhi,Business,60,advisor_v1,0.0,0.0,0.0,0.0,0.0,0.0,1
Mumbai->Delhi,Business,60,advisor_v2,0.0,0.0,0.0,0.0,0.0,0.0,1
Mumbai->Delhi,Business,60,book_immediately,0.0,0.0,0.0,0.0,0.0,0.0,1
Mumbai->Delhi,Business,60,fixed_21_day,-1154.3799999999992,-1154.3799999999992,0.0,1154.3799999999992,-1154.3799999999992,-1154.3799999999992,1
Mumbai->Delhi,Business,60,oracle,0.0,0.0,0.0,0.0,0.0,0.0,1
Mumbai->Delhi,Business,60,random_day,-1291.2799999999988,-1291.2799999999988,0.0,1291.2799999999988,-1291.2799999999988,-1291.2799999999988,1
Mumbai->Hyderabad,Economy,60,advisor_v1,0.0,0.0,0.0,586.6750000000002,0.0,0.0,2
Mumbai->Hyderabad,Economy,60,advisor_v2,0.0,0.0,0.0,586.6750000000002,0.0,0.0,2
Mumbai->Hyderabad,Economy,60,book_immediately,0.0,0.0,0.0,586.6750000000002,0.0,0.0,2
Mumbai->Hyderabad,Economy,60,fixed_21_day,88.15000000000009,88.15000000000009,0.5,498.5250000000001,-378.40999999999985,-285.09799999999984,2
Mumbai->Hyderabad,Economy,60,oracle,586.6750000000002,586.6750000000002,1.0,0.0,361.32000000000016,406.3910000000002,2
Mumbai->Hyderabad,Economy,60,random_day,291.7249999999999,291.7249999999999,1.0,294.9500000000003,45.809999999999945,94.99299999999994,2
Mumbai->Kolkata,Business,60,advisor_v1,0.0,0.0,0.0,9125.96,0.0,0.0,1
Mumbai->Kolkata,Business,60,advisor_v2,0.0,0.0,0.0,9125.96,0.0,0.0,1
Mumbai->Kolkata,Business,60,book_immediately,0.0,0.0,0.0,9125.96,0.0,0.0,1
Mumbai->Kolkata,Business,60,fixed_21_day,5101.7199999999975,5101.7199999999975,1.0,4024.2400000000016,5101.7199999999975,5101.7199999999975,1
Mumbai->Kolkata,Business,60,oracle,9125.96,9125.96,1.0,0.0,9125.96,9125.96,1
Mumbai->Kolkata,Business,60,random_day,9125.96,9125.96,1.0,0.0,9125.96,9125.96,1
Mumbai->Kolkata,Economy,60,advisor_v1,0.0,0.0,0.0,783.48,0.0,0.0,3
Mumbai->Kolkata,Economy,60,advisor_v2,0.0,0.0,0.0,783.48,0.0,0.0,3
Mumbai->Kolkata,Economy,60,book_immediately,0.0,0.0,0.0,783.48,0.0,0.0,3
Mumbai->Kolkata,Economy,60,fixed_21_day,194.06666666666675,-90.21999999999935,0.3333333333333333,589.4133333333333,-179.78999999999996,-161.87599999999983,3
Mumbai->Kolkata,Economy,60,oracle,783.48,852.2099999999996,1.0,0.0,265.65000000000055,382.96200000000033,3
Mumbai->Kolkata,Economy,60,random_day,-292.0666666666668,-719.5299999999997,0.3333333333333333,1075.5466666666669,-1008.8800000000001,-951.01,3
