flight,route,class,start_days_left,policy,booking_day_left,paid_inr,saving_vs_now_inr,oracle_regret_inr,oracle_day_left
AI0001,Hyderabad->Mumbai,Economy,60,book_immediately,60,4422.85,0.0,212.48000000000047,27
AI0001,Hyderabad->Mumbai,Economy,60,fixed_21_day,27,4210.37,212.48000000000047,0.0,27
AI0001,Hyderabad->Mumbai,Economy,60,random_day,60,4422.85,0.0,212.48000000000047,27
AI0001,Hyderabad->Mumbai,Economy,60,advisor_v1,60,4422.85,0.0,212.48000000000047,27
AI0001,Hyderabad->Mumbai,Economy,60,advisor_v2,60,4422.85,0.0,212.48000000000047,27
AI0001,Hyderabad->Mumbai,Economy,60,oracle,27,4210.37,212.48000000000047,0.0,27
AI0006,Hyderabad->Delhi,Economy,60,book_immediately,60,2706.88,0.0,0.0,60
AI0006,Hyderabad->Delhi,Economy,60,fixed_21_day,21,3182.08,-475.1999999999998,475.1999999999998,60
AI0006,Hyderabad->Delhi,Economy,60,random_day,30,3077.66,-370.77999999999975,370.77999999999975,60
AI0006,Hyderabad->Delhi,Economy,60,advisor_v1,60,2706.88,0.0,0.0,60
AI0006,Hyderabad->Delhi,Economy,60,advisor_v2,60,2706.88,0.0,0.0,60
AI0006,Hyderabad->Delhi,Economy,60,oracle,60,2706.88,0.0,0.0,60
SP0017,Delhi->Chennai,Business,60,book_immediately,60,11149.34,0.0,1239.7600000000002,21
SP0017,Delhi->Chennai,Business,60,fixed_21_day,21,9909.58,1239.7600000000002,0.0,21
SP0017,Delhi->Chennai,Business,60,random_day,21,9909.58,1239.7600000000002,0.0,21
SP0017,Delhi->Chennai,Business,60,advisor_v1,60,11149.34,0.0,1239.7600000000002,21
SP0017,Delhi->Chennai,Business,60,advisor_v2,60,11149.34,0.0,1239.7600000000002,21
SP0017,Delhi->Chennai,Business,60,oracle,21,9909.58,1239.7600000000002,0.0,21
AI0023,Delhi->Mumbai,Economy,60,book_immediately,60,6987.39,0.0,1982.1000000000004,45
AI0023,Delhi->Mumbai,Economy,60,fixed_21_day,25,5685.69,1301.7000000000007,680.3999999999996,45
AI0023,Delhi->Mumbai,Economy,60,random_day,47,5216.01,1771.38,210.72000000000025,45
AI0023,Delhi->Mumbai,Economy,60,advisor_v1,60,6987.39,0.0,1982.1000000000004,45
AI0023,Delhi->Mumbai,Economy,60,advisor_v2,60,6987.39,0.0,1982.1000000000004,45
AI0023,Delhi->Mumbai,Economy,60,oracle,45,5005.29,1982.1000000000004,0.0,45
GO0024,Hyderabad->Chennai,Economy,60,book_immediately,60,3797.96,0.0,660.7800000000002,57
GO0024,Hyderabad->Chennai,Economy,60,fixed_21_day,29,3927.52,-129.55999999999995,790.3400000000001,57
GO0024,Hyderabad->Chennai,Economy,60,random_day,37,3483.03,314.92999999999984,345.85000000000036,57
GO0024,Hyderabad->Chennai,Economy,60,advisor_v1,60,3797.96,0.0,660.7800000000002,57
GO0024,Hyderabad->Chennai,Economy,60,advisor_v2,60,3797.96,0.0,660.7800000000002,57
GO0024,Hyderabad->Chennai,Economy,60,oracle,57,3137.18,660.7800000000002,0.0,57
AI0027,Chennai->Bangalore,Economy,60,book_immediately,60,2429.57,0.0,3.3600000000001273,45
AI0027,Chennai->Bangalore,Economy,60,fixed_21_day,21,2905.85,-476.27999999999975,479.6399999999999,45
AI0027,Chennai->Bangalore,Economy,60,random_day,30,2540.13,-110.55999999999995,113.92000000000007,45
AI0027,Chennai->Bangalore,Economy,60,advisor_v1,60,2429.57,0.0,3.3600000000001273,45
AI0027,Chennai->Bangalore,Economy,60,advisor_v2,60,2429.57,0.0,3.3600000000001273,45
AI0027,Chennai->Bangalore,Economy,60,oracle,45,2426.21,3.3600000000001273,0.0,45
GO0028,Hyderabad->Kolkata,Economy,60,book_immediately,60,6099.94,0.0,1350.3899999999994,34
GO0028,Hyderabad->Kolkata,Economy,60,fixed_21_day,21,5915.25,184.6899999999996,1165.6999999999998,34
GO0028,Hyderabad->Kolkata,Economy,60,random_day,60,6099.94,0.0,1350.3899999999994,34
GO0028,Hyderabad->Kolkata,Economy,60,advisor_v1,60,6099.94,0.0,1350.3899999999994,34
GO0028,Hyderabad->Kolkata,Economy,60,advisor_v2,60,6099.94,0.0,1350.3899999999994,34
GO0028,Hyderabad->Kolkata,Economy,60,oracle,34,4749.55,1350.3899999999994,0.0,34
IN0038,Chennai->Bangalore,Business,60,book_immediately,60,21464.82,0.0,5967.3099999999995,55
IN0038,Chennai->Bangalore,Business,60,fixed_21_day,30,23272.18,-1807.3600000000006,7774.67,55
IN0038,Chennai->Bangalore,Business,60,random_day,44,22112.74,-647.9200000000019,6615.230000000001,55
IN0038,Chennai->Bangalore,Business,60,advisor_v1,60,21464.82,0.0,5967.3099999999995,55
IN0038,Chennai->Bangalore,Business,60,advisor_v2,60,21464.82,0.0,5967.3099999999995,55
IN0038,Chennai->Bangalore,Business,60,oracle,55,15497.51,5967.3099999999995,0.0,55
AI0045,Bangalore->Kolkata,Business,60,book_immediately,60,16473.62,0.0,1504.2499999999982,30
AI0045,Bangalore->Kolkata,Business,60,fixed_21_day,21,16648.13,-174.51000000000204,1678.7600000000002,30
AI0045,Bangalore->Kolkata,Business,60,random_day,59,17538.49,-1064.8700000000026,2569.120000000001,30
AI0045,Bangalore->Kolkata,Business,60,advisor_v1,60,16473.62,0.0,1504.2499999999982,30
AI0045,Bangalore->Kolkata,Business,60,advisor_v2,60,16473.62,0.0,1504.2499999999982,30
AI0045,Bangalore->Kolkata,Business,60,oracle,30,14969.37,1504.2499999999982,0.0,30
SP0047,Kolkata->Delhi,Economy,60,book_immediately,60,4444.08,0.0,449.23,21
SP0047,Kolkata->Delhi,Economy,60,fixed_21_day,21,3994.85,449.23,0.0,21
SP0047,Kolkata->Delhi,Economy,60,random_day,60,4444.08,0.0,449.23,21
SP0047,Kolkata->Delhi,Economy,60,advisor_v1,60,4444.08,0.0,449.23,21
SP0047,Kolkata->Delhi,Economy,60,advisor_v2,60,4444.08,0.0,449.23,21
SP0047,Kolkata->Delhi,Economy,60,oracle,21,3994.85,449.23,0.0,21
AI0051,Hyderabad->Bangalore,Economy,60,book_immediately,60,7233.24,0.0,248.82999999999993,24
AI0051,Hyderabad->Bangalore,Economy,60,fixed_21_day,21,7964.24,-731.0,979.8299999999999,24
AI0051,Hyderabad->Bangalore,Economy,60,random_day,30,7715.82,-482.5799999999999,731.4099999999999,24
AI0051,Hyderabad->Bangalore,Economy,60,advisor_v1,60,7233.24,0.0,248.82999999999993,24
AI0051,Hyderabad->Bangalore,Economy,60,advisor_v2,60,7233.24,0.0,248.82999999999993,24
AI0051,Hyderabad->Bangalore,Economy,60,oracle,24,6984.41,248.82999999999993,0.0,24
GO0054,Mumbai->Chennai,Economy,60,book_immediately,60,5716.99,0.0,222.14999999999964,51
GO0054,Mumbai->Chennai,Economy,60,fixed_21_day,21,5583.0,133.98999999999978,88.15999999999985,51
GO0054,Mumbai->Chennai,Economy,60,random_day,14,6703.59,-986.6000000000004,1208.75,51
GO0054,Mumbai->Chennai,Economy,60,advisor_v1,60,5716.99,0.0,222.14999999999964,51
GO0054,Mumbai->Chennai,Economy,60,advisor_v2,60,5716.99,0.0,222.14999999999964,51
GO0054,Mumbai->Chennai,Economy,60,oracle,51,5494.84,222.14999999999964,0.0,51
AI0063,Kolkata->Delhi,Business,60,book_immediately,60,15969.42,0.0,0.0,60
AI0063,Kolkata->Delhi,Business,60,fixed_21_day,21,20617.91,-4648.49,4648.49,60
AI0063,Kolkata->Delhi,Business,60,random_day,26,18507.08,-2537.6600000000017,2537.6600000000017,60
AI0063,Kolkata->Delhi,Business,60,advisor_v1,60,15969.42,0.0,0.0,60
AI0063,Kolkata->Delhi,Business,60,advisor_v2,60,15969.42,0.0,0.0,60
AI0063,Kolkata->Delhi,Business,60,oracle,60,15969.42,0.0,0.0,60
SP0072,Delhi->Bangalore,Business,60,book_immediately,60,29743.1,0.0,10760.739999999998,46
SP0072,Delhi->Bangalore,Business,60,fixed_21_day,21,27124.0,2619.0999999999985,8141.639999999999,46
SP0072,Delhi->Bangalore,Business,60,random_day,21,27124.0,2619.0999999999985,8141.639999999999,46
SP0072,Delhi->Bangalore,Business,60,advisor_v1,60,29743.1,0.0,10760.739999999998,46
SP0072,Delhi->Bangalore,Business,60,advisor_v2,60,29743.1,0.0,10760.739999999998,46
SP0072,Delhi->Bangalore,Business,60,oracle,46,18982.36,10760.739999999998,0.0,46
AI0079,Kolkata->Delhi,Economy,60,book_immediately,60,5557.11,0.0,1378.38,28
AI0079,Kolkata->Delhi,Economy,60,fixed_21_day,28,4178.73,1378.38,0.0,28
AI0079,Kolkata->Delhi,Economy,60,random_day,40,4956.17,600.9399999999996,777.4400000000005,28
AI0079,Kolkata->Delhi,Economy,60,advisor_v1,60,5557.11,0.0,1378.38,28
AI0079,Kolkata->Delhi,Economy,60,advisor_v2,60,5557.11,0.0,1378.38,28
AI0079,Kolkata->Delhi,Economy,60,oracle,28,4178.73,1378.38,0.0,28
IN0080,Delhi->Kolkata,Business,60,book_immediately,60,18778.31,0.0,2895.930000000002,59
IN0080,Delhi->Kolkata,Business,60,fixed_21_day,25,16359.31,2419.000000000002,476.9300000000003,59
IN0080,Delhi->Kolkata,Business,60,random_day,30,19500.6,-722.2899999999972,3618.2199999999993,59
IN0080,Delhi->Kolkata,Business,60,advisor_v1,60,18778.31,0.0,2895.930000000002,59
IN0080,Delhi->Kolkata,Business,60,advisor_v2,60,18778.31,0.0,2895.930000000002,59
IN0080,Delhi->Kolkata,Business,60,oracle,59,15882.38,2895.930000000002,0.0,59
AI0086,Kolkata->Hyderabad,Economy,60,book_immediately,60,2663.92,0.0,89.95000000000027,33
AI0086,Kolkata->Hyderabad,Economy,60,fixed_21_day,21,3844.75,-1180.83,1270.7800000000002,33
AI0086,Kolkata->Hyderabad,Economy,60,random_day,30,3362.77,-698.8499999999999,788.8000000000002,33
AI0086,Kolkata->Hyderabad,Economy,60,advisor_v1,60,2663.92,0.0,89.95000000000027,33
AI0086,Kolkata->Hyderabad,Economy,60,advisor_v2,60,2663.92,0.0,89.95000000000027,33
AI0086,Kolkata->Hyderabad,Economy,60,oracle,33,2573.97,89.95000000000027,0.0,33
VI0098,Bangalore->Mumbai,Economy,60,book_immediately,60,8871.54,0.0,2379.330000000001,45
VI0098,Bangalore->Mumbai,Economy,60,fixed_21_day,26,6662.34,2209.2000000000007,170.1300000000001,45
VI0098,Bangalore->Mumbai,Economy,60,random_day,45,6492.21,2379.330000000001,0.0,45
VI0098,Bangalore->Mumbai,Economy,60,advisor_v1,60,8871.54,0.0,2379.330000000001,45
VI0098,Bangalore->Mumbai,Economy,60,advisor_v2,60,8871.54,0.0,2379.330000000001,45
VI0098,Bangalore->Mumbai,Economy,60,oracle,45,6492.21,2379.330000000001,0.0,45
AI0100,Chennai->Delhi,Economy,60,book_immediately,60,7885.93,0.0,983.5600000000004,32
AI0100,Chennai->Delhi,Economy,60,fixed_21_day,30,8576.11,-690.1800000000003,1673.7400000000007,32
AI0100,Chennai->Delhi,Economy,60,random_day,32,6902.37,983.5600000000004,0.0,32
AI0100,Chennai->Delhi,Economy,60,advisor_v1,60,7885.93,0.0,983.5600000000004,32
AI0100,Chennai->Delhi,Economy,60,advisor_v2,60,7885.93,0.0,983.5600000000004,32
AI0100,Chennai->Delhi,Economy,60,oracle,32,6902.37,983.5600000000004,0.0,32
SP0102,Mumbai->Hyderabad,Economy,60,book_immediately,60,2426.9,0.0,361.32000000000016,45
SP0102,Mumbai->Hyderabad,Economy,60,fixed_21_day,21,2805.31,-378.40999999999985,739.73,45
SP0102,Mumbai->Hyderabad,Economy,60,random_day,35,2381.09,45.809999999999945,315.5100000000002,45
SP0102,Mumbai->Hyderabad,Economy,60,advisor_v1,60,2426.9,0.0,361.32000000000016,45
SP0102,Mumbai->Hyderabad,Economy,60,advisor_v2,60,2426.9,0.0,361.32000000000016,45
SP0102,Mumbai->Hyderabad,Economy,60,oracle,45,2065.58,361.32000000000016,0.0,45
GO0111,Chennai->Bangalore,Economy,60,book_immediately,60,6801.03,0.0,378.3800000000001,42
GO0111,Chennai->Bangalore,Economy,60,fixed_21_day,37,6445.91,355.1199999999999,23.26000000000022,42
GO0111,Chennai->Bangalore,Economy,60,random_day,42,6422.65,378.3800000000001,0.0,42
GO0111,Chennai->Bangalore,Economy,60,advisor_v1,60,6801.03,0.0,378.3800000000001,42
GO0111,Chennai->Bangalore,Economy,60,advisor_v2,60,6801.03,0.0,378.3800000000001,42
GO0111,Chennai->Bangalore,Economy,60,oracle,42,6422.65,378.3800000000001,0.0,42
GO0120,Delhi->Bangalore,Economy,60,book_immediately,60,7143.46,0.0,444.27000000000044,56
GO0120,Delhi->Bangalore,Economy,60,fixed_21_day,33,7567.41,-423.9499999999998,868.2200000000003,56
GO0120,Delhi->Bangalore,Economy,60,random_day,54,6926.84,216.6199999999999,227.65000000000055,56
GO0120,Delhi->Bangalore,Economy,60,advisor_v1,60,7143.46,0.0,444.27000000000044,56
GO0120,Delhi->Bangalore,Economy,60,advisor_v2,60,7143.46,0.0,444.27000000000044,56
GO0120,Delhi->Bangalore,Economy,60,oracle,56,6699.19,444.27000000000044,0.0,56
VI0123,Chennai->Delhi,Economy,60,book_immediately,60,8814.99,0.0,1067.4699999999993,57
VI0123,Chennai->Delhi,Economy,60,fixed_21_day,21,8224.14,590.8500000000004,476.619999999999,57
VI0123,Chennai->Delhi,Economy,60,random_day,57,7747.52,1067.4699999999993,0.0,57
VI0123,Chennai->Delhi,Economy,60,advisor_v1,60,8814.99,0.0,1067.4699999999993,57
VI0123,Chennai->Delhi,Economy,60,advisor_v2,60,8814.99,0.0,1067.4699999999993,57
VI0123,Chennai->Delhi,Economy,60,oracle,57,7747.52,1067.4699999999993,0.0,57
AI0129,Hyderabad->Bangalore,Economy,60,book_immediately,60,6298.42,0.0,0.0,60
AI0129,Hyderabad->Bangalore,Economy,60,fixed_21_day,27,7267.33,-968.9099999999999,968.9099999999999,60
AI0129,Hyderabad->Bangalore,Economy,60,random_day,27,7267.33,-968.9099999999999,968.9099999999999,60
AI0129,Hyderabad->Bangalore,Economy,60,advisor_v1,60,6298.42,0.0,0.0,60
AI0129,Hyderabad->Bangalore,Economy,60,advisor_v2,60,6298.42,0.0,0.0,60
AI0129,Hyderabad->Bangalore,Economy,60,oracle,60,6298.42,0.0,0.0,60
IN0131,Delhi->Hyderabad,Economy,60,book_immediately,60,5132.86,0.0,838.3699999999999,30
IN0131,Delhi->Hyderabad,Economy,60,fixed_21_day,21,6569.85,-1436.9900000000007,2275.3600000000006,30
IN0131,Delhi->Hyderabad,Economy,60,random_day,21,6569.85,-1436.9900000000007,2275.3600000000006,30
IN0131,Delhi->Hyderabad,Economy,60,advisor_v1,60,5132.86,0.0,838.3699999999999,30
IN0131,Delhi->Hyderabad,Economy,60,advisor_v2,60,5132.86,0.0,838.3699999999999,30
IN0131,Delhi->Hyderabad,Economy,60,oracle,30,4294.49,838.3699999999999,0.0,30
VI0136,Bangalore->Hyderabad,Economy,60,book_immediately,60,4183.69,0.0,955.5999999999995,38
VI0136,Bangalore->Hyderabad,Economy,60,fixed_21_day,26,4199.98,-16.289999999999964,971.8899999999994,38
VI0136,Bangalore->Hyderabad,Economy,60,random_day,32,3832.74,350.9499999999998,604.6499999999996,38
VI0136,Bangalore->Hyderabad,Economy,60,advisor_v1,60,4183.69,0.0,955.5999999999995,38
VI0136,Bangalore->Hyderabad,Economy,60,advisor_v2,60,4183.69,0.0,955.5999999999995,38
VI0136,Bangalore->Hyderabad,Economy,60,oracle,38,3228.09,955.5999999999995,0.0,38
SP0138,Bangalore->Kolkata,Business,60,book_immediately,60,25750.99,0.0,7534.130000000001,37
SP0138,Bangalore->Kolkata,Business,60,fixed_21_day,26,21953.98,3797.010000000002,3737.119999999999,37
SP0138,Bangalore->Kolkata,Business,60,random_day,44,24278.09,1472.9000000000015,6061.23,37
SP0138,Bangalore->Kolkata,Business,60,advisor_v1,60,25750.99,0.0,7534.130000000001,37
SP0138,Bangalore->Kolkata,Business,60,advisor_v2,60,25750.99,0.0,7534.130000000001,37
SP0138,Bangalore->Kolkata,Business,60,oracle,37,18216.86,7534.130000000001,0.0,37
IN0139,Kolkata->Bangalore,Economy,60,book_immediately,60,5289.35,0.0,274.9300000000003,27
IN0139,Kolkata->Bangalore,Economy,60,fixed_21_day,21,5767.65,-478.2999999999993,753.2299999999996,27
IN0139,Kolkata->Bangalore,Economy,60,random_day,21,5767.65,-478.2999999999993,753.2299999999996,27
IN0139,Kolkata->Bangalore,Economy,60,advisor_v1,60,5289.35,0.0,274.9300000000003,27
IN0139,Kolkata->Bangalore,Economy,60,advisor_v2,60,5289.35,0.0,274.9300000000003,27
IN0139,Kolkata->Bangalore,Economy,60,oracle,27,5014.42,274.9300000000003,0.0,27
SP0149,Mumbai->Delhi,Business,60,book_immediately,60,8070.27,0.0,0.0,60
SP0149,Mumbai->Delhi,Business,60,fixed_21_day,21,9224.65,-1154.3799999999992,1154.3799999999992,60
SP0149,Mumbai->Delhi,Business,60,random_day,45,9361.55,-1291.2799999999988,1291.2799999999988,60
SP0149,Mumbai->Delhi,Business,60,advisor_v1,60,8070.27,0.0,0.0,60
SP0149,Mumbai->Delhi,Business,60,advisor_v2,60,8070.27,0.0,0.0,60
SP0149,Mumbai->Delhi,Business,60,oracle,60,8070.27,0.0,0.0,60
IN0155,Kolkata->Bangalore,Economy,60,book_immediately,60,4696.81,0.0,0.0,60
IN0155,Kolkata->Bangalore,Economy,60,fixed_21_day,21,4742.61,-45.79999999999927,45.79999999999927,60
IN0155,Kolkata->Bangalore,Economy,60,random_day,38,4788.2,-91.38999999999942,91.38999999999942,60
IN0155,Kolkata->Bangalore,Economy,60,advisor_v1,60,4696.81,0.0,0.0,60
IN0155,Kolkata->Bangalore,Economy,60,advisor_v2,60,4696.81,0.0,0.0,60
IN0155,Kolkata->Bangalore,Economy,60,oracle,60,4696.81,0.0,0.0,60
AI0158,Chennai->Mumbai,Economy,60,book_immediately,60,2971.13,0.0,524.0999999999999,18
AI0158,Chennai->Mumbai,Economy,60,fixed_21_day,21,4309.53,-1338.3999999999996,1862.4999999999995,18
AI0158,Chennai->Mumbai,Economy,60,random_day,30,2815.67,155.46000000000004,368.6399999999999,18
AI0158,Chennai->Mumbai,Economy,60,advisor_v1,60,2971.13,0.0,524.0999999999999,18
AI0158,Chennai->Mumbai,Economy,60,advisor_v2,60,2971.13,0.0,524.0999999999999,18
AI0158,Chennai->Mumbai,Economy,60,oracle,18,2447.03,524.0999999999999,0.0,18
GO0171,Kolkata->Delhi,Economy,60,book_immediately,60,4686.05,0.0,696.9900000000002,21
GO0171,Kolkata->Delhi,Economy,60,fixed_21_day,21,3989.06,696.9900000000002,0.0,21
GO0171,Kolkata->Delhi,Economy,60,random_day,58,5568.01,-881.96,1578.9500000000003,21
GO0171,Kolkata->Delhi,Economy,60,advisor_v1,60,4686.05,0.0,696.9900000000002,21
GO0171,Kolkata->Delhi,Economy,60,advisor_v2,60,4686.05,0.0,696.9900000000002,21
GO0171,Kolkata->Delhi,Economy,60,oracle,21,3989.06,696.9900000000002,0.0,21
AI0178,Delhi->Chennai,Economy,60,book_immediately,60,3927.4,0.0,551.48,48
AI0178,Delhi->Chennai,Economy,60,fixed_21_day,21,4511.03,-583.6299999999997,1135.1099999999997,48
AI0178,Delhi->Chennai,Economy,60,random_day,60,3927.4,0.0,551.48,48
AI0178,Delhi->Chennai,Economy,60,advisor_v1,60,3927.4,0.0,551.48,48
AI0178,Delhi->Chennai,Economy,60,advisor_v2,60,3927.4,0.0,551.48,48
AI0178,Delhi->Chennai,Economy,60,oracle,48,3375.92,551.48,0.0,48
AI0187,Mumbai->Chennai,Business,60,book_immediately,60,15636.38,0.0,3479.129999999999,45
AI0187,Mumbai->Chennai,Business,60,fixed_21_day,21,17152.72,-1516.340000000002,4995.470000000001,45
AI0187,Mumbai->Chennai,Business,60,random_day,31,18421.2,-2784.8200000000015,6263.950000000001,45
AI0187,Mumbai->Chennai,Business,60,advisor_v1,60,15636.38,0.0,3479.129999999999,45
AI0187,Mumbai->Chennai,Business,60,advisor_v2,60,15636.38,0.0,3479.129999999999,45
AI0187,Mumbai->Chennai,Business,60,oracle,45,12157.25,3479.129999999999,0.0,45
AI0190,Delhi->Bangalore,Economy,60,book_immediately,60,7418.49,0.0,889.7299999999996,30
AI0190,Delhi->Bangalore,Economy,60,fixed_21_day,21,7966.15,-547.6599999999999,1437.3899999999994,30
AI0190,Delhi->Bangalore,Economy,60,random_day,21,7966.15,-547.6599999999999,1437.3899999999994,30
AI0190,Delhi->Bangalore,Economy,60,advisor_v1,60,7418.49,0.0,889.7299999999996,30
AI0190,Delhi->Bangalore,Economy,60,advisor_v2,60,7418.49,0.0,889.7299999999996,30
AI0190,Delhi->Bangalore,Economy,60,oracle,30,6528.76,889.7299999999996,0.0,30
AI0192,Hyderabad->Mumbai,Economy,60,book_immediately,60,7966.18,0.0,1599.7700000000004,30
AI0192,Hyderabad->Mumbai,Economy,60,fixed_21_day,21,9595.68,-1629.5,3229.2700000000004,30
AI0192,Hyderabad->Mumbai,Economy,60,random_day,60,7966.18,0.0,1599.7700000000004,30
AI0192,Hyderabad->Mumbai,Economy,60,advisor_v1,60,7966.18,0.0,1599.7700000000004,30
AI0192,Hyderabad->Mumbai,Economy,60,advisor_v2,60,7966.18,0.0,1599.7700000000004,30
AI0192,Hyderabad->Mumbai,Economy,60,oracle,30,6366.41,1599.7700000000004,0.0,30
AI0199,Bangalore->Kolkata,Business,60,book_immediately,60,18074.15,0.0,2126.790000000001,53
AI0199,Bangalore->Kolkata,Business,60,fixed_21_day,21,21518.96,-3444.8099999999977,5571.5999999999985,53
AI0199,Bangalore->Kolkata,Business,60,random_day,21,21518.96,-3444.8099999999977,5571.5999999999985,53
AI0199,Bangalore->Kolkata,Business,60,advisor_v1,60,18074.15,0.0,2126.790000000001,53
AI0199,Bangalore->Kolkata,Business,60,advisor_v2,60,18074.15,0.0,2126.790000000001,53
AI0199,Bangalore->Kolkata,Business,60,oracle,53,15947.36,2126.790000000001,0.0,53
AI0200,Hyderabad->Mumbai,Economy,60,book_immediately,60,4521.65,0.0,414.8899999999994,44
AI0200,Hyderabad->Mumbai,Economy,60,fixed_21_day,21,4730.61,-208.96000000000004,623.8499999999995,44
AI0200,Hyderabad->Mumbai,Economy,60,random_day,14,6154.85,-1633.2000000000007,2048.09,44
AI0200,Hyderabad->Mumbai,Economy,60,advisor_v1,60,4521.65,0.0,414.8899999999994,44
AI0200,Hyderabad->Mumbai,Economy,60,advisor_v2,60,4521.65,0.0,414.8899999999994,44
AI0200,Hyderabad->Mumbai,Economy,60,oracle,44,4106.76,414.8899999999994,0.0,44
SP0202,Delhi->Bangalore,Economy,60,book_immediately,60,2912.92,0.0,344.8899999999999,30
SP0202,Delhi->Bangalore,Economy,60,fixed_21_day,24,2713.07,199.8499999999999,145.03999999999996,30
SP0202,Delhi->Bangalore,Economy,60,random_day,50,3166.69,-253.76999999999998,598.6599999999999,30
SP0202,Delhi->Bangalore,Economy,60,advisor_v1,60,2912.92,0.0,344.8899999999999,30
SP0202,Delhi->Bangalore,Economy,60,advisor_v2,60,2912.92,0.0,344.8899999999999,30
SP0202,Delhi->Bangalore,Economy,60,oracle,30,2568.03,344.8899999999999,0.0,30
AI0204,Chennai->Mumbai,Business,60,book_immediately,60,14009.45,0.0,0.0,60
AI0204,Chennai->Mumbai,Business,60,fixed_21_day,21,17325.56,-3316.1100000000006,3316.1100000000006,60
AI0204,Chennai->Mumbai,Business,60,random_day,17,19996.18,-5986.73,5986.73,60
AI0204,Chennai->Mumbai,Business,60,advisor_v1,60,14009.45,0.0,0.0,60
AI0204,Chennai->Mumbai,Business,60,advisor_v2,60,14009.45,0.0,0.0,60
AI0204,Chennai->Mumbai,Business,60,oracle,60,14009.45,0.0,0.0,60
GO0207,Kolkata->Mumbai,Economy,60,book_immediately,60,5393.05,0.0,1382.2800000000002,35
GO0207,Kolkata->Mumbai,Economy,60,fixed_21_day,23,4752.94,640.1100000000006,742.1699999999996,35
GO0207,Kolkata->Mumbai,Economy,60,random_day,47,4429.19,963.8600000000006,418.4199999999996,35
GO0207,Kolkata->Mumbai,Economy,60,advisor_v1,60,5393.05,0.0,1382.2800000000002,35
GO0207,Kolkata->Mumbai,Economy,60,advisor_v2,60,5393.05,0.0,1382.2800000000002,35
GO0207,Kolkata->Mumbai,Economy,60,oracle,35,4010.77,1382.2800000000002,0.0,35
AI0208,Chennai->Hyderabad,Economy,60,book_immediately,60,6528.38,0.0,442.4499999999998,59
AI0208,Chennai->Hyderabad,Economy,60,fixed_21_day,21,6738.36,-209.97999999999956,652.4299999999994,59
AI0208,Chennai->Hyderabad,Economy,60,random_day,18,7630.84,-1102.46,1544.9099999999999,59
AI0208,Chennai->Hyderabad,Economy,60,advisor_v1,60,6528.38,0.0,442.4499999999998,59
AI0208,Chennai->Hyderabad,Economy,60,advisor_v2,60,6528.38,0.0,442.4499999999998,59
AI0208,Chennai->Hyderabad,Economy,60,oracle,59,6085.93,442.4499999999998,0.0,59
AI0209,Hyderabad->Delhi,Business,60,book_immediately,60,9525.9,0.0,0.0,60
AI0209,Hyderabad->Delhi,Business,60,fixed_21_day,21,10333.73,-807.8299999999999,807.8299999999999,60
AI0209,Hyderabad->Delhi,Business,60,random_day,21,10333.73,-807.8299999999999,807.8299999999999,60
AI0209,Hyderabad->Delhi,Business,60,advisor_v1,60,9525.9,0.0,0.0,60
AI0209,Hyderabad->Delhi,Business,60,advisor_v2,60,9525.9,0.0,0.0,60
AI0209,Hyderabad->Delhi,Business,60,oracle,60,9525.9,0.0,0.0,60
IN0213,Bangalore->Kolkata,Economy,60,book_immediately,60,4879.93,0.0,1473.0200000000004,35
IN0213,Bangalore->Kolkata,Economy,60,fixed_21_day,31,5212.23,-332.2999999999993,1805.3199999999997,35
IN0213,Bangalore->Kolkata,Economy,60,random_day,48,5257.41,-377.47999999999956,1850.5,35
IN0213,Bangalore->Kolkata,Economy,60,advisor_v1,60,4879.93,0.0,1473.0200000000004,35
IN0213,Bangalore->Kolkata,Economy,60,advisor_v2,60,4879.93,0.0,1473.0200000000004,35
IN0213,Bangalore->Kolkata,Economy,60,oracle,35,3406.91,1473.0200000000004,0.0,35
GO0214,Kolkata->Delhi,Economy,60,book_immediately,60,4337.24,0.0,408.4199999999996,21
GO0214,Kolkata->Delhi,Economy,60,fixed_21_day,21,3928.82,408.4199999999996,0.0,21
GO0214,Kolkata->Delhi,Economy,60,random_day,60,4337.24,0.0,408.4199999999996,21
GO0214,Kolkata->Delhi,Economy,60,advisor_v1,60,4337.24,0.0,408.4199999999996,21
GO0214,Kolkata->Delhi,Economy,60,advisor_v2,60,4337.24,0.0,408.4199999999996,21
GO0214,Kolkata->Delhi,Economy,60,oracle,21,3928.82,408.4199999999996,0.0,21
AI0215,Bangalore->Chennai,Economy,60,book_immediately,60,6058.93,0.0,1257.46,39
AI0215,Bangalore->Chennai,Economy,60,fixed_21_day,28,6759.72,-700.79,1958.25,39
AI0215,Bangalore->Chennai,Economy,60,random_day,28,6759.72,-700.79,1958.25,39
AI0215,Bangalore->Chennai,Economy,60,advisor_v1,60,6058.93,0.0,1257.46,39
AI0215,Bangalore->Chennai,Economy,60,advisor_v2,60,6058.93,0.0,1257.46,39
AI0215,Bangalore->Chennai,Economy,60,oracle,39,4801.47,1257.46,0.0,39
VI0216,Hyderabad->Delhi,Business,60,book_immediately,60,21262.18,0.0,4116.57,51
VI0216,Hyderabad->Delhi,Business,60,fixed_21_day,21,19961.26,1300.920000000002,2815.649999999998,51
VI0216,Hyderabad->Delhi,Business,60,random_day,30,19988.7,1273.4799999999996,2843.09,51
VI0216,Hyderabad->Delhi,Business,60,advisor_v1,60,21262.18,0.0,4116.57,51
VI0216,Hyderabad->Delhi,Business,60,advisor_v2,60,21262.18,0.0,4116.57,51
VI0216,Hyderabad->Delhi,Business,60,oracle,51,17145.61,4116.57,0.0,51
SP0217,Hyderabad->Kolkata,Economy,60,book_immediately,60,5126.89,0.0,195.89000000000033,33
SP0217,Hyderabad->Kolkata,Economy,60,fixed_21_day,30,5627.23,-500.33999999999924,696.2299999999996,33
SP0217,Hyderabad->Kolkata,Economy,60,random_day,30,5627.23,-500.33999999999924,696.2299999999996,33
SP0217,Hyderabad->Kolkata,Economy,60,advisor_v1,60,5126.89,0.0,195.89000000000033,33
SP0217,Hyderabad->Kolkata,Economy,60,advisor_v2,60,5126.89,0.0,195.89000000000033,33
SP0217,Hyderabad->Kolkata,Economy,60,oracle,33,4931.0,195.89000000000033,0.0,33
AI0218,Chennai->Delhi,Economy,60,book_immediately,60,4504.22,0.0,839.9700000000003,30
AI0218,Chennai->Delhi,Economy,60,fixed_21_day,21,4646.96,-142.73999999999978,982.71,30
AI0218,Chennai->Delhi,Economy,60,random_day,30,3664.25,839.9700000000003,0.0,30
AI0218,Chennai->Delhi,Economy,60,advisor_v1,60,4504.22,0.0,839.9700000000003,30
AI0218,Chennai->Delhi,Economy,60,advisor_v2,60,4504.22,0.0,839.9700000000003,30
AI0218,Chennai->Delhi,Economy,60,oracle,30,3664.25,839.9700000000003,0.0,30
AI0223,Hyderabad->Chennai,Economy,60,book_immediately,60,3583.58,0.0,0.0,60
AI0223,Hyderabad->Chennai,Economy,60,fixed_21_day,30,4562.58,-979.0,979.0,60
AI0223,Hyderabad->Chennai,Economy,60,random_day,43,4400.87,-817.29,817.29,60
AI0223,Hyderabad->Chennai,Economy,60,advisor_v1,60,3583.58,0.0,0.0,60
AI0223,Hyderabad->Chennai,Economy,60,advisor_v2,60,3583.58,0.0,0.0,60
AI0223,Hyderabad->Chennai,Economy,60,oracle,60,3583.58,0.0,0.0,60
VI0224,Mumbai->Kolkata,Business,60,book_immediately,60,27143.44,0.0,9125.96,24
VI0224,Mumbai->Kolkata,Business,60,fixed_21_day,21,22041.72,5101.7199999999975,4024.2400000000016,24
VI0224,Mumbai->Kolkata,Business,60,random_day,24,18017.48,9125.96,0.0,24
VI0224,Mumbai->Kolkata,Business,60,advisor_v1,60,27143.44,0.0,9125.96,24
VI0224,Mumbai->Kolkata,Business,60,advisor_v2,60,27143.44,0.0,9125.96,24
VI0224,Mumbai->Kolkata,Business,60,oracle,24,18017.48,9125.96,0.0,24
AI0232,Kolkata->Hyderabad,Economy,60,book_immediately,60,4625.96,0.0,927.81,30
AI0232,Kolkata->Hyderabad,Economy,60,fixed_21_day,21,4482.1,143.85999999999967,783.9500000000003,30
AI0232,Kolkata->Hyderabad,Economy,60,random_day,48,4225.53,400.4300000000003,527.3799999999997,30
AI0232,Kolkata->Hyderabad,Economy,60,advisor_v1,60,4625.96,0.0,927.81,30
AI0232,Kolkata->Hyderabad,Economy,60,advisor_v2,60,4625.96,0.0,927.81,30
AI0232,Kolkata->Hyderabad,Economy,60,oracle,30,3698.15,927.81,0.0,30
SP0234,Mumbai->Chennai,Economy,60,book_immediately,60,6677.39,0.0,0.0,60
SP0234,Mumbai->Chennai,Economy,60,fixed_21_day,21,7832.58,-1155.1899999999996,1155.1899999999996,60
SP0234,Mumbai->Chennai,Economy,60,random_day,45,8402.77,-1725.38,1725.38,60
SP0234,Mumbai->Chennai,Economy,60,advisor_v1,60,6677.39,0.0,0.0,60
SP0234,Mumbai->Chennai,Economy,60,advisor_v2,60,6677.39,0.0,0.0,60
SP0234,Mumbai->Chennai,Economy,60,oracle,60,6677.39,0.0,0.0,60
AI0238,Chennai->Mumbai,Business,60,book_immediately,60,18591.99,0.0,0.0,60
AI0238,Chennai->Mumbai,Business,60,fixed_21_day,21,28430.02,-9838.029999999999,9838.029999999999,60
AI0238,Chennai->Mumbai,Business,60,random_day,42,25738.99,-7147.0,7147.0,60
AI0238,Chennai->Mumbai,Business,60,advisor_v1,60,18591.99,0.0,0.0,60
AI0238,Chennai->Mumbai,Business,60,advisor_v2,60,18591.99,0.0,0.0,60
AI0238,Chennai->Mumbai,Business,60,oracle,60,18591.99,0.0,0.0,60
VI0244,Mumbai->Chennai,Economy,60,book_immediately,60,5257.94,0.0,459.09999999999945,32
VI0244,Mumbai->Chennai,Economy,60,fixed_21_day,21,5983.23,-725.29,1184.3899999999994,32
VI0244,Mumbai->Chennai,Economy,60,random_day,47,6364.12,-1106.1800000000003,1565.2799999999997,32
VI0244,Mumbai->Chennai,Economy,60,advisor_v1,60,5257.94,0.0,459.09999999999945,32
VI0244,Mumbai->Chennai,Economy,60,advisor_v2,60,5257.94,0.0,459.09999999999945,32
VI0244,Mumbai->Chennai,Economy,60,oracle,32,4798.84,459.09999999999945,0.0,32
AI0247,Hyderabad->Chennai,Economy,60,book_immediately,60,4863.07,0.0,185.27999999999975,49
AI0247,Hyderabad->Chennai,Economy,60,fixed_21_day,30,6778.76,-1915.6900000000005,2100.9700000000003,49
AI0247,Hyderabad->Chennai,Economy,60,random_day,60,4863.07,0.0,185.27999999999975,49
AI0247,Hyderabad->Chennai,Economy,60,advisor_v1,60,4863.07,0.0,185.27999999999975,49
AI0247,Hyderabad->Chennai,Economy,60,advisor_v2,60,4863.07,0.0,185.27999999999975,49
AI0247,Hyderabad->Chennai,Economy,60,oracle,49,4677.79,185.27999999999975,0.0,49
SP0248,Mumbai->Kolkata,Economy,60,book_immediately,60,3298.22,0.0,852.2099999999996,21
SP0248,Mumbai->Kolkata,Economy,60,fixed_21_day,21,2446.01,852.2099999999996,0.0,21
SP0248,Mumbai->Kolkata,Economy,60,random_day,21,2446.01,852.2099999999996,0.0,21
SP0248,Mumbai->Kolkata,Economy,60,advisor_v1,60,3298.22,0.0,852.2099999999996,21
SP0248,Mumbai->Kolkata,Economy,60,advisor_v2,60,3298.22,0.0,852.2099999999996,21
SP0248,Mumbai->Kolkata,Economy,60,oracle,21,2446.01,852.2099999999996,0.0,21
AI0257,Hyderabad->Mumbai,Economy,60,book_immediately,60,6063.41,0.0,35.88000000000011,45
AI0257,Hyderabad->Mumbai,Economy,60,fixed_21_day,30,6116.67,-53.26000000000022,89.14000000000033,45
AI0257,Hyderabad->Mumbai,Economy,60,random_day,57,7120.6,-1057.1900000000005,1093.0700000000006,45
AI0257,Hyderabad->Mumbai,Economy,60,advisor_v1,60,6063.41,0.0,35.88000000000011,45
AI0257,Hyderabad->Mumbai,Economy,60,advisor_v2,60,6063.41,0.0,35.88000000000011,45
AI0257,Hyderabad->Mumbai,Economy,60,oracle,45,6027.53,35.88000000000011,0.0,45
VI0269,Mumbai->Bangalore,Economy,60,book_immediately,60,8304.69,0.0,1480.7300000000005,20
VI0269,Mumbai->Bangalore,Economy,60,fixed_21_day,21,6955.02,1349.67,131.0600000000004,20
VI0269,Mumbai->Bangalore,Economy,60,random_day,21,6955.02,1349.67,131.0600000000004,20
VI0269,Mumbai->Bangalore,Economy,60,advisor_v1,60,8304.69,0.0,1480.7300000000005,20
VI0269,Mumbai->Bangalore,Economy,60,advisor_v2,60,8304.69,0.0,1480.7300000000005,20
VI0269,Mumbai->Bangalore,Economy,60,oracle,20,6823.96,1480.7300000000005,0.0,20
SP0270,Mumbai->Bangalore,Business,60,book_immediately,60,25506.76,0.0,3513.0,45
SP0270,Mumbai->Bangalore,Business,60,fixed_21_day,21,28754.65,-3247.890000000003,6760.890000000003,45
SP0270,Mumbai->Bangalore,Business,60,random_day,32,23415.75,2091.0099999999984,1421.9900000000016,45
SP0270,Mumbai->Bangalore,Business,60,advisor_v1,60,25506.76,0.0,3513.0,45
SP0270,Mumbai->Bangalore,Business,60,advisor_v2,60,25506.76,0.0,3513.0,45
SP0270,Mumbai->Bangalore,Business,60,oracle,45,21993.76,3513.0,0.0,45
AI0280,Kolkata->Hyderabad,Economy,60,book_immediately,60,7075.66,0.0,1177.2600000000002,30
AI0280,Kolkata->Hyderabad,Economy,60,fixed_21_day,21,7463.98,-388.3199999999997,1565.58,30
AI0280,Kolkata->Hyderabad,Economy,60,random_day,14,9772.11,-2696.4500000000007,3873.710000000001,30
AI0280,Kolkata->Hyderabad,Economy,60,advisor_v1,60,7075.66,0.0,1177.2600000000002,30
AI0280,Kolkata->Hyderabad,Economy,60,advisor_v2,60,7075.66,0.0,1177.2600000000002,30
AI0280,Kolkata->Hyderabad,Economy,60,oracle,30,5898.4,1177.2600000000002,0.0,30
VI0281,Hyderabad->Mumbai,Economy,60,book_immediately,60,5042.82,0.0,1080.0099999999998,45
VI0281,Hyderabad->Mumbai,Economy,60,fixed_21_day,21,4943.11,99.71000000000004,980.2999999999997,45
VI0281,Hyderabad->Mumbai,Economy,60,random_day,21,4943.11,99.71000000000004,980.2999999999997,45
VI0281,Hyderabad->Mumbai,Economy,60,advisor_v1,60,5042.82,0.0,1080.0099999999998,45
VI0281,Hyderabad->Mumbai,Economy,60,advisor_v2,60,5042.82,0.0,1080.0099999999998,45
VI0281,Hyderabad->Mumbai,Economy,60,oracle,45,3962.81,1080.0099999999998,0.0,45
AI0286,Delhi->Hyderabad,Economy,60,book_immediately,60,3609.28,0.0,791.4200000000001,37
AI0286,Delhi->Hyderabad,Economy,60,fixed_21_day,26,3894.36,-285.0799999999999,1076.5,37
AI0286,Delhi->Hyderabad,Economy,60,random_day,45,3364.39,244.89000000000033,546.5299999999997,37
AI0286,Delhi->Hyderabad,Economy,60,advisor_v1,60,3609.28,0.0,791.4200000000001,37
AI0286,Delhi->Hyderabad,Economy,60,advisor_v2,60,3609.28,0.0,791.4200000000001,37
AI0286,Delhi->Hyderabad,Economy,60,oracle,37,2817.86,791.4200000000001,0.0,37
SP0296,Mumbai->Bangalore,Economy,60,book_immediately,60,3357.45,0.0,268.00999999999976,21
SP0296,Mumbai->Bangalore,Economy,60,fixed_21_day,21,3089.44,268.00999999999976,0.0,21
SP0296,Mumbai->Bangalore,Economy,60,random_day,9,4667.39,-1309.9400000000005,1577.9500000000003,21
SP0296,Mumbai->Bangalore,Economy,60,advisor_v1,60,3357.45,0.0,268.00999999999976,21
SP0296,Mumbai->Bangalore,Economy,60,advisor_v2,60,3357.45,0.0,268.00999999999976,21
SP0296,Mumbai->Bangalore,Economy,60,oracle,21,3089.44,268.00999999999976,0.0,21
IN0298,Hyderabad->Kolkata,Economy,60,book_immediately,60,4802.86,0.0,390.46999999999935,30
IN0298,Hyderabad->Kolkata,Economy,60,fixed_21_day,21,5262.86,-460.0,850.4699999999993,30
IN0298,Hyderabad->Kolkata,Economy,60,random_day,44,4816.69,-13.829999999999927,404.2999999999993,30
IN0298,Hyderabad->Kolkata,Economy,60,advisor_v1,60,4802.86,0.0,390.46999999999935,30
IN0298,Hyderabad->Kolkata,Economy,60,advisor_v2,60,4802.86,0.0,390.46999999999935,30
IN0298,Hyderabad->Kolkata,Economy,60,oracle,30,4412.39,390.46999999999935,0.0,30
VI0307,Mumbai->Bangalore,Economy,60,book_immediately,60,8295.53,0.0,2161.4100000000008,45
VI0307,Mumbai->Bangalore,Economy,60,fixed_21_day,30,8059.39,236.14000000000033,1925.2700000000004,45
VI0307,Mumbai->Bangalore,Economy,60,random_day,56,9546.94,-1251.4099999999999,3412.8200000000006,45
VI0307,Mumbai->Bangalore,Economy,60,advisor_v1,60,8295.53,0.0,2161.4100000000008,45
VI0307,Mumbai->Bangalore,Economy,60,advisor_v2,60,8295.53,0.0,2161.4100000000008,45
VI0307,Mumbai->Bangalore,Economy,60,oracle,45,6134.12,2161.4100000000008,0.0,45
SP0320,Kolkata->Mumbai,Economy,60,book_immediately,60,5502.26,0.0,0.0,60
SP0320,Kolkata->Mumbai,Economy,60,fixed_21_day,21,6272.49,-770.2299999999996,770.2299999999996,60
SP0320,Kolkata->Mumbai,Economy,60,random_day,21,6272.49,-770.2299999999996,770.2299999999996,60
SP0320,Kolkata->Mumbai,Economy,60,advisor_v1,60,5502.26,0.0,0.0,60
SP0320,Kolkata->Mumbai,Economy,60,advisor_v2,60,5502.26,0.0,0.0,60
SP0320,Kolkata->Mumbai,Economy,60,oracle,60,5502.26,0.0,0.0,60
VI0329,Mumbai->Hyderabad,Economy,60,book_immediately,60,3928.73,0.0,812.0300000000002,49
VI0329,Mumbai->Hyderabad,Economy,60,fixed_21_day,38,3374.02,554.71,257.32000000000016,49
VI0329,Mumbai->Hyderabad,Economy,60,random_day,56,3391.09,537.6399999999999,274.3900000000003,49
VI0329,Mumbai->Hyderabad,Economy,60,advisor_v1,60,3928.73,0.0,812.0300000000002,49
VI0329,Mumbai->Hyderabad,Economy,60,advisor_v2,60,3928.73,0.0,812.0300000000002,49
VI0329,Mumbai->Hyderabad,Economy,60,oracle,49,3116.7,812.0300000000002,0.0,49
SP0345,Bangalore->Hyderabad,Economy,60,book_immediately,60,3814.73,0.0,118.0,32
SP0345,Bangalore->Hyderabad,Economy,60,fixed_21_day,21,3844.22,-29.48999999999978,147.48999999999978,32
SP0345,Bangalore->Hyderabad,Economy,60,random_day,60,3814.73,0.0,118.0,32
SP0345,Bangalore->Hyderabad,Economy,60,advisor_v1,60,3814.73,0.0,118.0,32
SP0345,Bangalore->Hyderabad,Economy,60,advisor_v2,60,3814.73,0.0,118.0,32
SP0345,Bangalore->Hyderabad,Economy,60,oracle,32,3696.73,118.0,0.0,32
VI0353,Hyderabad->Bangalore,Economy,60,book_immediately,60,8895.58,0.0,2883.5,30
VI0353,Hyderabad->Bangalore,Economy,60,fixed_21_day,21,7183.58,1712.0,1171.5,30
VI0353,Hyderabad->Bangalore,Economy,60,random_day,56,7557.46,1338.12,1545.38,30
VI0353,Hyderabad->Bangalore,Economy,60,advisor_v1,60,8895.58,0.0,2883.5,30
VI0353,Hyderabad->Bangalore,Economy,60,advisor_v2,60,8895.58,0.0,2883.5,30
VI0353,Hyderabad->Bangalore,Economy,60,oracle,30,6012.08,2883.5,0.0,30
AI0354,Chennai->Delhi,Economy,60,book_immediately,60,6666.89,0.0,315.0500000000002,30
AI0354,Chennai->Delhi,Economy,60,fixed_21_day,21,7008.05,-341.15999999999985,656.21,30
AI0354,Chennai->Delhi,Economy,60,random_day,17,6923.46,-256.5699999999997,571.6199999999999,30
AI0354,Chennai->Delhi,Economy,60,advisor_v1,60,6666.89,0.0,315.0500000000002,30
AI0354,Chennai->Delhi,Economy,60,advisor_v2,60,6666.89,0.0,315.0500000000002,30
AI0354,Chennai->Delhi,Economy,60,oracle,30,6351.84,315.0500000000002,0.0,30
GO0363,Chennai->Delhi,Economy,60,book_immediately,60,3268.83,0.0,1006.9899999999998,45
GO0363,Chennai->Delhi,Economy,60,fixed_21_day,21,3097.58,171.25,835.7399999999998,45
GO0363,Chennai->Delhi,Economy,60,random_day,45,2261.84,1006.9899999999998,0.0,45
GO0363,Chennai->Delhi,Economy,60,advisor_v1,60,3268.83,0.0,1006.9899999999998,45
GO0363,Chennai->Delhi,Economy,60,advisor_v2,60,3268.83,0.0,1006.9899999999998,45
GO0363,Chennai->Delhi,Economy,60,oracle,45,2261.84,1006.9899999999998,0.0,45
IN0364,Hyderabad->Bangalore,Business,60,book_immediately,60,12653.75,0.0,1540.4899999999998,31
IN0364,Hyderabad->Bangalore,Business,60,fixed_21_day,30,13112.63,-458.8799999999992,1999.369999999999,31
IN0364,Hyderabad->Bangalore,Business,60,random_day,45,13459.0,-805.25,2345.74,31
IN0364,Hyderabad->Bangalore,Business,60,advisor_v1,60,12653.75,0.0,1540.4899999999998,31
IN0364,Hyderabad->Bangalore,Business,60,advisor_v2,60,12653.75,0.0,1540.4899999999998,31
IN0364,Hyderabad->Bangalore,Business,60,oracle,31,11113.26,1540.4899999999998,0.0,31
IN0378,Chennai->Bangalore,Economy,60,book_immediately,60,4245.81,0.0,400.37000000000035,45
IN0378,Chennai->Bangalore,Economy,60,fixed_21_day,31,3934.48,311.3300000000004,89.03999999999996,45
IN0378,Chennai->Bangalore,Economy,60,random_day,51,4942.12,-696.3099999999995,1096.6799999999998,45
IN0378,Chennai->Bangalore,Economy,60,advisor_v1,60,4245.81,0.0,400.37000000000035,45
IN0378,Chennai->Bangalore,Economy,60,advisor_v2,60,4245.81,0.0,400.37000000000035,45
IN0378,Chennai->Bangalore,Economy,60,oracle,45,3845.44,400.37000000000035,0.0,45
AI0382,Mumbai->Bangalore,Economy,60,book_immediately,60,7711.23,0.0,1322.1699999999992,45
AI0382,Mumbai->Bangalore,Economy,60,fixed_21_day,27,7318.14,393.08999999999924,929.0799999999999,45
AI0382,Mumbai->Bangalore,Economy,60,random_day,30,7867.24,-156.01000000000022,1478.1799999999994,45
AI0382,Mumbai->Bangalore,Economy,60,advisor_v1,60,7711.23,0.0,1322.1699999999992,45
AI0382,Mumbai->Bangalore,Economy,60,advisor_v2,60,7711.23,0.0,1322.1699999999992,45
AI0382,Mumbai->Bangalore,Economy,60,oracle,45,6389.06,1322.1699999999992,0.0,45
IN0397,Bangalore->Kolkata,Economy,60,book_immediately,60,4480.1,0.0,1120.3000000000002,43
IN0397,Bangalore->Kolkata,Economy,60,fixed_21_day,41,4668.95,-188.84999999999945,1309.1499999999996,43
IN0397,Bangalore->Kolkata,Economy,60,random_day,48,4466.5,13.600000000000364,1106.6999999999998,43
IN0397,Bangalore->Kolkata,Economy,60,advisor_v1,60,4480.1,0.0,1120.3000000000002,43
IN0397,Bangalore->Kolkata,Economy,60,advisor_v2,60,4480.1,0.0,1120.3000000000002,43
IN0397,Bangalore->Kolkata,Economy,60,oracle,43,3359.8,1120.3000000000002,0.0,43
VI0398,Chennai->Delhi,Economy,60,book_immediately,60,6295.6,0.0,848.7200000000003,30
VI0398,Chennai->Delhi,Economy,60,fixed_21_day,21,6449.32,-153.71999999999935,1002.4399999999996,30
VI0398,Chennai->Delhi,Economy,60,random_day,45,6353.84,-58.23999999999978,906.96,30
VI0398,Chennai->Delhi,Economy,60,advisor_v1,60,6295.6,0.0,848.7200000000003,30
VI0398,Chennai->Delhi,Economy,60,advisor_v2,60,6295.6,0.0,848.7200000000003,30
VI0398,Chennai->Delhi,Economy,60,oracle,30,5446.88,848.7200000000003,0.0,30
IN0414,Kolkata->Chennai,Economy,60,book_immediately,60,2299.84,0.0,0.0,60
IN0414,Kolkata->Chennai,Economy,60,fixed_21_day,21,2562.66,-262.8199999999997,262.8199999999997,60
IN0414,Kolkata->Chennai,Economy,60,random_day,45,2380.82,-80.98000000000002,80.98000000000002,60
IN0414,Kolkata->Chennai,Economy,60,advisor_v1,60,2299.84,0.0,0.0,60
IN0414,Kolkata->Chennai,Economy,60,advisor_v2,60,2299.84,0.0,0.0,60
IN0414,Kolkata->Chennai,Economy,60,oracle,60,2299.84,0.0,0.0,60
SP0415,Bangalore->Kolkata,Economy,60,book_immediately,60,8496.79,0.0,1602.8300000000008,48
SP0415,Bangalore->Kolkata,Economy,60,fixed_21_day,21,7802.99,693.8000000000011,909.0299999999997,48
SP0415,Bangalore->Kolkata,Economy,60,random_day,45,7614.96,881.8300000000008,721.0,48
SP0415,Bangalore->Kolkata,Economy,60,advisor_v1,60,8496.79,0.0,1602.8300000000008,48
SP0415,Bangalore->Kolkata,Economy,60,advisor_v2,60,8496.79,0.0,1602.8300000000008,48
SP0415,Bangalore->Kolkata,Economy,60,oracle,48,6893.96,1602.8300000000008,0.0,48
AI0417,Chennai->Hyderabad,Economy,60,book_immediately,60,9575.5,0.0,3665.3100000000004,40
AI0417,Chennai->Hyderabad,Economy,60,fixed_21_day,21,6653.48,2922.0200000000004,743.29,40
AI0417,Chennai->Hyderabad,Economy,60,random_day,30,7189.36,2386.1400000000003,1279.17,40
AI0417,Chennai->Hyderabad,Economy,60,advisor_v1,60,9575.5,0.0,3665.3100000000004,40
AI0417,Chennai->Hyderabad,Economy,60,advisor_v2,60,9575.5,0.0,3665.3100000000004,40
AI0417,Chennai->Hyderabad,Economy,60,oracle,40,5910.19,3665.3100000000004,0.0,40
VI0420,Delhi->Chennai,Economy,60,book_immediately,60,6293.67,0.0,1197.21,45
VI0420,Delhi->Chennai,Economy,60,fixed_21_day,21,6374.86,-81.1899999999996,1278.3999999999996,45
VI0420,Delhi->Chennai,Economy,60,random_day,14,8089.54,-1795.87,2993.08,45
VI0420,Delhi->Chennai,Economy,60,advisor_v1,60,6293.67,0.0,1197.21,45
VI0420,Delhi->Chennai,Economy,60,advisor_v2,60,6293.67,0.0,1197.21,45
VI0420,Delhi->Chennai,Economy,60,oracle,45,5096.46,1197.21,0.0,45
IN0424,Mumbai->Kolkata,Economy,60,book_immediately,60,4960.18,0.0,265.65000000000055,37
IN0424,Mumbai->Kolkata,Economy,60,fixed_21_day,21,5050.4,-90.21999999999935,355.8699999999999,37
IN0424,Mumbai->Kolkata,Economy,60,random_day,30,5969.06,-1008.8800000000001,1274.5300000000007,37
IN0424,Mumbai->Kolkata,Economy,60,advisor_v1,60,4960.18,0.0,265.65000000000055,37
IN0424,Mumbai->Kolkata,Economy,60,advisor_v2,60,4960.18,0.0,265.65000000000055,37
IN0424,Mumbai->Kolkata,Economy,60,oracle,37,4694.53,265.65000000000055,0.0,37
IN0425,Hyderabad->Mumbai,Economy,60,book_immediately,60,5171.57,0.0,0.0,60
IN0425,Hyderabad->Mumbai,Economy,60,fixed_21_day,21,6959.51,-1787.9400000000005,1787.9400000000005,60
IN0425,Hyderabad->Mumbai,Economy,60,random_day,45,6656.72,-1485.1500000000005,1485.1500000000005,60
IN0425,Hyderabad->Mumbai,Economy,60,advisor_v1,60,5171.57,0.0,0.0,60
IN0425,Hyderabad->Mumbai,Economy,60,advisor_v2,60,5171.57,0.0,0.0,60
IN0425,Hyderabad->Mumbai,Economy,60,oracle,60,5171.57,0.0,0.0,60
SP0426,Kolkata->Hyderabad,Economy,60,book_immediately,60,5922.13,0.0,704.2600000000002,30
SP0426,Kolkata->Hyderabad,Economy,60,fixed_21_day,21,5904.84,17.289999999999964,686.9700000000003,30
SP0426,Kolkata->Hyderabad,Economy,60,random_day,21,5904.84,17.289999999999964,686.9700000000003,30
SP0426,Kolkata->Hyderabad,Economy,60,advisor_v1,60,5922.13,0.0,704.2600000000002,30
SP0426,Kolkata->Hyderabad,Economy,60,advisor_v2,60,5922.13,0.0,704.2600000000002,30
SP0426,Kolkata->Hyderabad,Economy,60,oracle,30,5217.87,704.2600000000002,0.0,30
SP0428,Kolkata->Chennai,Economy,60,book_immediately,60,6491.73,0.0,1808.6999999999998,53
SP0428,Kolkata->Chennai,Economy,60,fixed_21_day,21,6403.72,88.00999999999931,1720.6900000000005,53
SP0428,Kolkata->Chennai,Economy,60,random_day,30,7094.9,-603.1700000000001,2411.87,53
SP0428,Kolkata->Chennai,Economy,60,advisor_v1,60,6491.73,0.0,1808.6999999999998,53
SP0428,Kolkata->Chennai,Economy,60,advisor_v2,60,6491.73,0.0,1808.6999999999998,53
SP0428,Kolkata->Chennai,Economy,60,oracle,53,4683.03,1808.6999999999998,0.0,53
SP0438,Mumbai->Kolkata,Economy,60,book_immediately,60,7283.08,0.0,1232.58,55
SP0438,Mumbai->Kolkata,Economy,60,fixed_21_day,30,7462.87,-179.78999999999996,1412.37,55
SP0438,Mumbai->Kolkata,Economy,60,random_day,42,8002.61,-719.5299999999997,1952.1099999999997,55
SP0438,Mumbai->Kolkata,Economy,60,advisor_v1,60,7283.08,0.0,1232.58,55
SP0438,Mumbai->Kolkata,Economy,60,advisor_v2,60,7283.08,0.0,1232.58,55
SP0438,Mumbai->Kolkata,Economy,60,oracle,55,6050.5,1232.58,0.0,55
AI0440,Delhi->Bangalore,Economy,60,book_immediately,60,2511.02,0.0,186.55999999999995,21
AI0440,Delhi->Bangalore,Economy,60,fixed_21_day,21,2324.46,186.55999999999995,0.0,21
AI0440,Delhi->Bangalore,Economy,60,random_day,60,2511.02,0.0,186.55999999999995,21
AI0440,Delhi->Bangalore,Economy,60,advisor_v1,60,2511.02,0.0,186.55999999999995,21
AI0440,Delhi->Bangalore,Economy,60,advisor_v2,60,2511.02,0.0,186.55999999999995,21
AI0440,Delhi->Bangalore,Economy,60,oracle,21,2324.46,186.55999999999995,0.0,21
AI0442,Mumbai->Bangalore,Business,60,book_immediately,60,21733.58,0.0,8059.340000000002,37
AI0442,Mumbai->Bangalore,Business,60,fixed_21_day,21,20073.68,1659.9000000000015,6399.4400000000005,37
AI0442,Mumbai->Bangalore,Business,60,random_day,42,20074.74,1658.8400000000001,6400.500000000002,37
AI0442,Mumbai->Bangalore,Business,60,advisor_v1,60,21733.58,0.0,8059.340000000002,37
AI0442,Mumbai->Bangalore,Business,60,advisor_v2,60,21733.58,0.0,8059.340000000002,37
AI0442,Mumbai->Bangalore,Business,60,oracle,37,13674.24,8059.340000000002,0.0,37
VI0455,Hyderabad->Mumbai,Economy,60,book_immediately,60,2878.71,0.0,0.0,60
VI0455,Hyderabad->Mumbai,Economy,60,fixed_21_day,21,3015.06,-136.3499999999999,136.3499999999999,60
VI0455,Hyderabad->Mumbai,Economy,60,random_day,22,3101.62,-222.90999999999985,222.90999999999985,60
VI0455,Hyderabad->Mumbai,Economy,60,advisor_v1,60,2878.71,0.0,0.0,60
VI0455,Hyderabad->Mumbai,Economy,60,advisor_v2,60,2878.71,0.0,0.0,60
VI0455,Hyderabad->Mumbai,Economy,60,oracle,60,2878.71,0.0,0.0,60
VI0456,Hyderabad->Delhi,Economy,60,book_immediately,60,5699.07,0.0,38.909999999999854,42
VI0456,Hyderabad->Delhi,Economy,60,fixed_21_day,21,7834.73,-2135.66,2174.5699999999997,42
VI0456,Hyderabad->Delhi,Economy,60,random_day,30,7026.15,-1327.08,1365.9899999999998,42
VI0456,Hyderabad->Delhi,Economy,60,advisor_v1,60,5699.07,0.0,38.909999999999854,42
VI0456,Hyderabad->Delhi,Economy,60,advisor_v2,60,5699.07,0.0,38.909999999999854,42
VI0456,Hyderabad->Delhi,Economy,60,oracle,42,5660.16,38.909999999999854,0.0,42
SP0459,Hyderabad->Chennai,Economy,60,book_immediately,60,3802.94,0.0,832.69,54
SP0459,Hyderabad->Chennai,Economy,60,fixed_21_day,21,3604.19,198.75,633.94,54
SP0459,Hyderabad->Chennai,Economy,60,random_day,45,10511.9,-6708.959999999999,7541.65,54
SP0459,Hyderabad->Chennai,Economy,60,advisor_v1,60,3802.94,0.0,832.69,54
SP0459,Hyderabad->Chennai,Economy,60,advisor_v2,60,3802.94,0.0,832.69,54
SP0459,Hyderabad->Chennai,Economy,60,oracle,54,2970.25,832.69,0.0,54
SP0461,Bangalore->Hyderabad,Economy,60,book_immediately,60,2676.14,0.0,94.90999999999985,50
SP0461,Bangalore->Hyderabad,Economy,60,fixed_21_day,25,2750.73,-74.59000000000015,169.5,50
SP0461,Bangalore->Hyderabad,Economy,60,random_day,30,3112.45,-436.30999999999995,531.2199999999998,50
SP0461,Bangalore->Hyderabad,Economy,60,advisor_v1,60,2676.14,0.0,94.90999999999985,50
SP0461,Bangalore->Hyderabad,Economy,60,advisor_v2,60,2676.14,0.0,94.90999999999985,50
SP0461,Bangalore->Hyderabad,Economy,60,oracle,50,2581.23,94.90999999999985,0.0,50
VI0472,Chennai->Mumbai,Economy,60,book_immediately,60,7077.78,0.0,1854.5,49
VI0472,Chennai->Mumbai,Economy,60,fixed_21_day,21,7023.52,54.25999999999931,1800.2400000000007,49
VI0472,Chennai->Mumbai,Economy,60,random_day,21,7023.52,54.25999999999931,1800.2400000000007,49
VI0472,Chennai->Mumbai,Economy,60,advisor_v1,60,7077.78,0.0,1854.5,49
VI0472,Chennai->Mumbai,Economy,60,advisor_v2,60,7077.78,0.0,1854.5,49
VI0472,Chennai->Mumbai,Economy,60,oracle,49,5223.28,1854.5,0.0,49
IN0474,Kolkata->Chennai,Economy,60,book_immediately,60,9367.83,0.0,1962.5900000000001,30
IN0474,Kolkata->Chennai,Economy,60,fixed_21_day,21,9174.75,193.07999999999993,1769.5100000000002,30
IN0474,Kolkata->Chennai,Economy,60,random_day,45,21812.55,-12444.72,14407.31,30
IN0474,Kolkata->Chennai,Economy,60,advisor_v1,60,9367.83,0.0,1962.5900000000001,30
IN0474,Kolkata->Chennai,Economy,60,advisor_v2,60,9367.83,0.0,1962.5900000000001,30
IN0474,Kolkata->Chennai,Economy,60,oracle,30,7405.24,1962.5900000000001,0.0,30
VI0476,Bangalore->Chennai,Economy,60,book_immediately,60,6146.25,0.0,575.6099999999997,49
VI0476,Bangalore->Chennai,Economy,60,fixed_21_day,21,7009.5,-863.25,1438.8599999999997,49
VI0476,Bangalore->Chennai,Economy,60,random_day,21,7009.5,-863.25,1438.8599999999997,49
VI0476,Bangalore->Chennai,Economy,60,advisor_v1,60,6146.25,0.0,575.6099999999997,49
VI0476,Bangalore->Chennai,Economy,60,advisor_v2,60,6146.25,0.0,575.6099999999997,49
VI0476,Bangalore->Chennai,Economy,60,oracle,49,5570.64,575.6099999999997,0.0,49
IN0483,Hyderabad->Chennai,Economy,60,book_immediately,60,2586.97,0.0,308.7399999999998,36
IN0483,Hyderabad->Chennai,Economy,60,fixed_21_day,21,2509.0,77.9699999999998,230.76999999999998,36
IN0483,Hyderabad->Chennai,Economy,60,random_day,50,2711.59,-124.62000000000035,433.3600000000001,36
IN0483,Hyderabad->Chennai,Economy,60,advisor_v1,60,2586.97,0.0,308.7399999999998,36
IN0483,Hyderabad->Chennai,Economy,60,advisor_v2,60,2586.97,0.0,308.7399999999998,36
IN0483,Hyderabad->Chennai,Economy,60,oracle,36,2278.23,308.7399999999998,0.0,36
VI0491,Kolkata->Bangalore,Economy,60,book_immediately,60,6114.39,0.0,849.9000000000005,20
VI0491,Kolkata->Bangalore,Economy,60,fixed_21_day,21,6975.82,-861.4299999999994,1711.33,20
VI0491,Kolkata->Bangalore,Economy,60,random_day,50,6080.62,33.77000000000044,816.1300000000001,20
VI0491,Kolkata->Bangalore,Economy,60,advisor_v1,60,6114.39,0.0,849.9000000000005,20
VI0491,Kolkata->Bangalore,Economy,60,advisor_v2,60,6114.39,0.0,849.9000000000005,20
VI0491,Kolkata->Bangalore,Economy,60,oracle,20,5264.49,849.9000000000005,0.0,20
AI0492,Delhi->Kolkata,Business,60,book_immediately,60,24476.4,0.0,6447.7800000000025,59
AI0492,Delhi->Kolkata,Business,60,fixed_21_day,28,21248.49,3227.91,3219.8700000000026,59
AI0492,Delhi->Kolkata,Business,60,random_day,31,22158.81,2317.59,4130.190000000002,59
AI0492,Delhi->Kolkata,Business,60,advisor_v1,60,24476.4,0.0,6447.7800000000025,59
AI0492,Delhi->Kolkata,Business,60,advisor_v2,60,24476.4,0.0,6447.7800000000025,59
AI0492,Delhi->Kolkata,Business,60,oracle,59,18028.62,6447.7800000000025,0.0,59
IN0494,Delhi->Bangalore,Economy,60,book_immediately,60,6030.8,0.0,1565.0299999999997,39
IN0494,Delhi->Bangalore,Economy,60,fixed_21_day,21,4941.22,1089.58,475.4499999999998,39
IN0494,Delhi->Bangalore,Economy,60,random_day,21,4941.22,1089.58,475.4499999999998,39
IN0494,Delhi->Bangalore,Economy,60,advisor_v1,60,6030.8,0.0,1565.0299999999997,39
IN0494,Delhi->Bangalore,Economy,60,advisor_v2,60,6030.8,0.0,1565.0299999999997,39
IN0494,Delhi->Bangalore,Economy,60,oracle,39,4465.77,1565.0299999999997,0.0,39
AI0495,Delhi->Hyderabad,Business,60,book_immediately,60,23107.14,0.0,2651.540000000001,26
AI0495,Delhi->Hyderabad,Business,60,fixed_21_day,26,20455.6,2651.540000000001,0.0,26
AI0495,Delhi->Hyderabad,Business,60,random_day,58,25071.28,-1964.1399999999994,4615.68,26
AI0495,Delhi->Hyderabad,Business,60,advisor_v1,60,23107.14,0.0,2651.540000000001,26
AI0495,Delhi->Hyderabad,Business,60,advisor_v2,60,23107.14,0.0,2651.540000000001,26
AI0495,Delhi->Hyderabad,Business,60,oracle,26,20455.6,2651.540000000001,0.0,26
