feature,importance
class,0.342321711294102
days_left,0.15110526969267368
duration,0.08508648560267436
airline_tier,0.07260674480411704
airline,0.055420573695091416
route,0.04491513649738478
arrival_time,0.04440340274434243
destination_city,0.028628170704884798
source_city,0.025804359410661976
departure_bucket,0.025258648076025403
departure_time,0.025014438762814367
stops,0.01536495680414611
duration_bin,0.010402277773136188
red_eye,0.00843689844738766
days_bucket,0.007068932501523156
stops_ordinal,0.005924949492789537
