source_city,destination_city,class,days_left,price
Bangalore,Chennai,Business,1,22411.885000000002
Bangalore,Chennai,Business,3,42711.19
Bangalore,Chennai,Business,7,18925.955
Bangalore,Chennai,Business,10,41767.76
Bangalore,Chennai,Business,11,37634.005000000005
Bangalore,Chennai,Business,13,10032.279999999999
Bangalore,Chennai,Business,14,15990.24
Bangalore,Chennai,Business,16,19385.495
Bangalore,Chennai,Business,18,8331.18
Bangalore,Chennai,Business,19,18950.47
Bangalore,Chennai,Business,21,11311.885
Bangalore,Chennai,Business,22,9615.355
Bangalore,Chennai,Business,23,12819.47
Bangalore,Chennai,Business,27,11754.63
Bangalore,Chennai,Business,28,10188.24
Bangalore,Chennai,Business,30,12342.215
Bangalore,Chennai,Business,31,18390.59
Bangalore,Chennai,Business,37,23277.33
Bangalore,Chennai,Business,38,8241.66
Bangalore,Chennai,Business,39,9657.22
Bangalore,Chennai,Business,40,12550.92
Bangalore,Chennai,Business,41,7720.425
Bangalore,Chennai,Business,44,7637.02
Bangalore,Chennai,Business,45,9926.685000000001
Bangalore,Chennai,Business,47,9600.4
Bangalore,Chennai,Business,48,7951.26
Bangalore,Chennai,Business,50,12248.59
Bangalore,Chennai,Business,51,8605.62
Bangalore,Chennai,Business,52,21341.35
Bangalore,Chennai,Business,53,7466.45
Bangalore,Chennai,Business,54,27061.19
Bangalore,Chennai,Business,56,9923.37
Bangalore,Chennai,Business,57,17152.21
Bangalore,Chennai,Business,59,7572.315
Bangalore,Chennai,Business,60,11483.365
Bangalore,Chennai,Economy,1,11692.42
Bangalore,Chennai,Economy,2,5655.57
Bangalore,Chennai,Economy,3,10334.19
Bangalore,Chennai,Economy,5,8159.4349999999995
Bangalore,Chennai,Economy,6,9050.810000000001
Bangalore,Chennai,Economy,7,9433.065
Bangalore,Chennai,Economy,8,10511.53
Bangalore,Chennai,Economy,9,7565.6900000000005
Bangalore,Chennai,Economy,10,5347.41
Bangalore,Chennai,Economy,11,8061.285
Bangalore,Chennai,Economy,12,7372.535
Bangalore,Chennai,Economy,13,9389.73
Bangalore,Chennai,Economy,14,6775.3
Bangalore,Chennai,Economy,16,6101.19
Bangalore,Chennai,Economy,17,9776.28
Bangalore,Chennai,Economy,18,8056.61
Bangalore,Chennai,Economy,19,4717.39
Bangalore,Chennai,Economy,20,6263.1
Bangalore,Chennai,Economy,21,5959.219999999999
Bangalore,Chennai,Economy,22,5395.38
Bangalore,Chennai,Economy,23,7281.53
Bangalore,Chennai,Economy,24,5621.73
Bangalore,Chennai,Economy,26,6201.08
Bangalore,Chennai,Economy,28,5557.795
Bangalore,Chennai,Economy,29,6142.53
Bangalore,Chennai,Economy,30,5930.13
Bangalore,Chennai,Economy,31,5287.165
Bangalore,Chennai,Economy,32,5212.95
Bangalore,Chennai,Economy,33,4116.65
Bangalore,Chennai,Economy,34,4874.84
Bangalore,Chennai,Economy,35,8273.4
Bangalore,Chennai,Economy,36,5276.135
Bangalore,Chennai,Economy,37,8054.44
Bangalore,Chennai,Economy,39,4801.47
Bangalore,Chennai,Economy,40,8293.11
Bangalore,Chennai,Economy,41,4504.32
Bangalore,Chennai,Economy,42,6421.955
Bangalore,Chennai,Economy,43,6023.82
Bangalore,Chennai,Economy,45,5998.785
Bangalore,Chennai,Economy,46,7027.855
Bangalore,Chennai,Economy,47,6106.22
Bangalore,Chennai,Economy,48,5761.15
Bangalore,Chennai,Economy,49,5617.045
Bangalore,Chennai,Economy,50,6358.67
Bangalore,Chennai,Economy,51,6263.155
Bangalore,Chennai,Economy,52,6481.95
Bangalore,Chennai,Economy,53,5939.77
Bangalore,Chennai,Economy,54,4717.46
Bangalore,Chennai,Economy,55,4804.27
Bangalore,Chennai,Economy,56,5318.37
Bangalore,Chennai,Economy,57,3329.41
Bangalore,Chennai,Economy,59,5644.66
Bangalore,Chennai,Economy,60,6102.59
Bangalore,Delhi,Business,1,34825.67
Bangalore,Delhi,Business,5,29869.15
Bangalore,Delhi,Business,6,35134.33
Bangalore,Delhi,Business,7,30087.86
Bangalore,Delhi,Business,10,13963.93
Bangalore,Delhi,Business,11,26084.35
Bangalore,Delhi,Business,14,20527.17
Bangalore,Delhi,Business,15,21945.66
Bangalore,Delhi,Business,21,16927.54
Bangalore,Delhi,Business,27,6915.69
Bangalore,Delhi,Business,29,16409.14
Bangalore,Delhi,Business,30,16623.77
Bangalore,Delhi,Business,32,20164.94
Bangalore,Delhi,Business,40,11260.02
Bangalore,Delhi,Business,41,24510.16
Bangalore,Delhi,Business,43,21566.22
Bangalore,Delhi,Business,45,15953.14
Bangalore,Delhi,Business,51,23686.97
Bangalore,Delhi,Business,53,10480.14
Bangalore,Delhi,Business,56,8153.45
Bangalore,Delhi,Business,57,7637.63
Bangalore,Delhi,Business,60,15699.87
Bangalore,Delhi,Economy,1,9898.23
Bangalore,Delhi,Economy,2,9125.99
Bangalore,Delhi,Economy,3,12466.19
Bangalore,Delhi,Economy,4,9543.58
Bangalore,Delhi,Economy,5,10838.0
Bangalore,Delhi,Economy,6,8687.3
Bangalore,Delhi,Economy,7,7965.385
Bangalore,Delhi,Economy,8,6464.46
Bangalore,Delhi,Economy,9,4909.93
Bangalore,Delhi,Economy,11,8710.17
Bangalore,Delhi,Economy,12,3542.81
Bangalore,Delhi,Economy,14,5122.16
Bangalore,Delhi,Economy,15,7929.77
Bangalore,Delhi,Economy,16,4087.11
Bangalore,Delhi,Economy,17,5763.4
Bangalore,Delhi,Economy,18,5389.73
Bangalore,Delhi,Economy,19,3572.93
Bangalore,Delhi,Economy,20,3320.5699999999997
Bangalore,Delhi,Economy,21,4618.505
Bangalore,Delhi,Economy,22,5410.19
Bangalore,Delhi,Economy,26,4870.825
Bangalore,Delhi,Economy,27,3405.63
Bangalore,Delhi,Economy,29,5167.205
Bangalore,Delhi,Economy,30,4408.75
Bangalore,Delhi,Economy,32,4827.95
Bangalore,Delhi,Economy,33,4903.59
Bangalore,Delhi,Economy,34,6629.055
Bangalore,Delhi,Economy,35,6036.9
Bangalore,Delhi,Economy,36,3018.77
Bangalore,Delhi,Economy,37,5747.47
Bangalore,Delhi,Economy,38,8758.619999999999
Bangalore,Delhi,Economy,40,6610.28
Bangalore,Delhi,Economy,41,2829.87
Bangalore,Delhi,Economy,42,4321.3
Bangalore,Delhi,Economy,43,2719.28
Bangalore,Delhi,Economy,45,4201.63
Bangalore,Delhi,Economy,46,3364.26
Bangalore,Delhi,Economy,47,7464.375
Bangalore,Delhi,Economy,48,4842.18
Bangalore,Delhi,Economy,50,11266.74
Bangalore,Delhi,Economy,52,5682.86
Bangalore,Delhi,Economy,53,3937.82
Bangalore,Delhi,Economy,54,6071.56
Bangalore,Delhi,Economy,55,4113.64
Bangalore,Delhi,Economy,57,2988.3
Bangalore,Delhi,Economy,58,3954.775
Bangalore,Delhi,Economy,59,4449.89
Bangalore,Delhi,Economy,60,4715.735
Bangalore,Hyderabad,Economy,1,9857.66
Bangalore,Hyderabad,Economy,3,10005.01
Bangalore,Hyderabad,Economy,4,9453.28
Bangalore,Hyderabad,Economy,5,3986.52
Bangalore,Hyderabad,Economy,6,9288.599999999999
Bangalore,Hyderabad,Economy,7,7490.58
Bangalore,Hyderabad,Economy,9,7539.04
Bangalore,Hyderabad,Economy,10,6148.785
Bangalore,Hyderabad,Economy,11,9645.72
Bangalore,Hyderabad,Economy,12,4147.55
Bangalore,Hyderabad,Economy,13,5502.85
Bangalore,Hyderabad,Economy,14,6108.54
Bangalore,Hyderabad,Economy,15,4703.22
Bangalore,Hyderabad,Economy,17,3189.17
Bangalore,Hyderabad,Economy,18,6422.8150000000005
Bangalore,Hyderabad,Economy,19,5782.73
Bangalore,Hyderabad,Economy,21,4311.18
Bangalore,Hyderabad,Economy,22,3721.26
Bangalore,Hyderabad,Economy,23,4995.17
Bangalore,Hyderabad,Economy,24,3487.53
Bangalore,Hyderabad,Economy,25,5639.83
Bangalore,Hyderabad,Economy,26,4199.98
Bangalore,Hyderabad,Economy,27,4601.885
Bangalore,Hyderabad,Economy,28,3831.6449999999995
Bangalore,Hyderabad,Economy,29,5970.24
Bangalore,Hyderabad,Economy,30,4201.54
Bangalore,Hyderabad,Economy,31,6045.99
Bangalore,Hyderabad,Economy,32,3832.74
Bangalore,Hyderabad,Economy,33,3154.54
Bangalore,Hyderabad,Economy,34,4530.96
Bangalore,Hyderabad,Economy,35,4577.57
Bangalore,Hyderabad,Economy,36,4904.48
Bangalore,Hyderabad,Economy,38,4155.59
Bangalore,Hyderabad,Economy,39,4419.63
Bangalore,Hyderabad,Economy,41,5258.215
Bangalore,Hyderabad,Economy,42,2534.23
Bangalore,Hyderabad,Economy,43,4927.5
Bangalore,Hyderabad,Economy,45,4796.94
Bangalore,Hyderabad,Economy,46,4474.445
Bangalore,Hyderabad,Economy,47,4424.37
Bangalore,Hyderabad,Economy,48,3855.5
Bangalore,Hyderabad,Economy,49,3897.905
Bangalore,Hyderabad,Economy,50,3367.7
Bangalore,Hyderabad,Economy,51,3281.99
Bangalore,Hyderabad,Economy,52,4782.33
Bangalore,Hyderabad,Economy,53,6327.45
Bangalore,Hyderabad,Economy,55,6021.2
Bangalore,Hyderabad,Economy,56,5538.120000000001
Bangalore,Hyderabad,Economy,57,4034.6899999999996
Bangalore,Hyderabad,Economy,58,5587.42
Bangalore,Hyderabad,Economy,60,4225.74
Bangalore,Kolkata,Business,1,41183.435
Bangalore,Kolkata,Business,2,43188.06
Bangalore,Kolkata,Business,6,23622.58
Bangalore,Kolkata,Business,7,28948.195
Bangalore,Kolkata,Business,9,18246.21
Bangalore,Kolkata,Business,14,22002.78
Bangalore,Kolkata,Business,15,14009.64
Bangalore,Kolkata,Business,18,21663.53
Bangalore,Kolkata,Business,20,24975.74
Bangalore,Kolkata,Business,21,17123.355000000003
Bangalore,Kolkata,Business,25,16053.23
Bangalore,Kolkata,Business,26,21953.98
Bangalore,Kolkata,Business,27,20509.61
Bangalore,Kolkata,Business,28,21135.63
Bangalore,Kolkata,Business,30,16990.185
Bangalore,Kolkata,Business,33,10505.76
Bangalore,Kolkata,Business,37,18216.86
Bangalore,Kolkata,Business,43,17899.14
Bangalore,Kolkata,Business,44,23250.91
Bangalore,Kolkata,Business,45,17909.81
Bangalore,Kolkata,Business,46,17186.22
Bangalore,Kolkata,Business,48,22947.64
Bangalore,Kolkata,Business,50,13481.12
Bangalore,Kolkata,Business,53,15947.36
Bangalore,Kolkata,Business,59,17538.49
Bangalore,Kolkata,Business,60,17273.885000000002
Bangalore,Kolkata,Economy,1,9860.99
Bangalore,Kolkata,Economy,2,13614.07
Bangalore,Kolkata,Economy,3,10484.55
Bangalore,Kolkata,Economy,4,9829.84
Bangalore,Kolkata,Economy,6,4434.56
Bangalore,Kolkata,Economy,7,6593.32
Bangalore,Kolkata,Economy,8,4243.74
Bangalore,Kolkata,Economy,9,9210.3
Bangalore,Kolkata,Economy,10,4335.64
Bangalore,Kolkata,Economy,11,5263.91
Bangalore,Kolkata,Economy,12,5752.655
Bangalore,Kolkata,Economy,13,4914.030000000001
Bangalore,Kolkata,Economy,14,4949.32
Bangalore,Kolkata,Economy,15,4392.38
Bangalore,Kolkata,Economy,16,5499.18
Bangalore,Kolkata,Economy,17,4300.955
Bangalore,Kolkata,Economy,18,4105.125
Bangalore,Kolkata,Economy,19,4685.905
Bangalore,Kolkata,Economy,20,3975.86
Bangalore,Kolkata,Economy,21,4295.69
Bangalore,Kolkata,Economy,22,5705.4349999999995
Bangalore,Kolkata,Economy,23,4617.99
Bangalore,Kolkata,Economy,24,3609.49
Bangalore,Kolkata,Economy,26,5879.715
Bangalore,Kolkata,Economy,27,5205.264999999999
Bangalore,Kolkata,Economy,28,3647.13
Bangalore,Kolkata,Economy,29,4016.68
Bangalore,Kolkata,Economy,30,4221.08
Bangalore,Kolkata,Economy,31,4560.745
Bangalore,Kolkata,Economy,33,3269.88
Bangalore,Kolkata,Economy,34,3329.83
Bangalore,Kolkata,Economy,35,3406.91
Bangalore,Kolkata,Economy,37,3462.6800000000003
Bangalore,Kolkata,Economy,39,3490.875
Bangalore,Kolkata,Economy,40,4264.64
Bangalore,Kolkata,Economy,41,4298.21
Bangalore,Kolkata,Economy,42,3830.715
Bangalore,Kolkata,Economy,43,4406.905000000001
Bangalore,Kolkata,Economy,44,4266.17
Bangalore,Kolkata,Economy,45,4582.54
Bangalore,Kolkata,Economy,46,3117.44
Bangalore,Kolkata,Economy,47,4180.8
Bangalore,Kolkata,Economy,48,5257.41
Bangalore,Kolkata,Economy,49,3862.89
Bangalore,Kolkata,Economy,50,4012.07
Bangalore,Kolkata,Economy,51,4479.02
Bangalore,Kolkata,Economy,52,3512.31
Bangalore,Kolkata,Economy,53,2157.8
Bangalore,Kolkata,Economy,54,5007.129999999999
Bangalore,Kolkata,Economy,55,4485.05
Bangalore,Kolkata,Economy,56,2637.26
Bangalore,Kolkata,Economy,57,6975.62
Bangalore,Kolkata,Economy,58,4628.62
Bangalore,Kolkata,Economy,59,4486.76
Bangalore,Kolkata,Economy,60,4329.28
Bangalore,Mumbai,Business,1,31421.469999999998
Bangalore,Mumbai,Business,3,42918.1
Bangalore,Mumbai,Business,7,21201.2
Bangalore,Mumbai,Business,8,29975.57
Bangalore,Mumbai,Business,10,24564.72
Bangalore,Mumbai,Business,11,15480.15
Bangalore,Mumbai,Business,13,23190.62
Bangalore,Mumbai,Business,14,19176.09
Bangalore,Mumbai,Business,18,23019.0
Bangalore,Mumbai,Business,19,80082.35
Bangalore,Mumbai,Business,21,14507.76
Bangalore,Mumbai,Business,26,13225.49
Bangalore,Mumbai,Business,28,8435.62
Bangalore,Mumbai,Business,29,20635.94
Bangalore,Mumbai,Business,30,13641.650000000001
Bangalore,Mumbai,Business,31,8983.13
Bangalore,Mumbai,Business,32,10536.08
Bangalore,Mumbai,Business,34,12111.96
Bangalore,Mumbai,Business,35,9369.54
Bangalore,Mumbai,Business,38,14417.46
Bangalore,Mumbai,Business,39,8888.38
Bangalore,Mumbai,Business,42,13847.11
Bangalore,Mumbai,Business,43,12670.73
Bangalore,Mumbai,Business,45,13045.135
Bangalore,Mumbai,Business,48,15988.92
Bangalore,Mumbai,Business,50,16286.725
Bangalore,Mumbai,Business,60,13808.975
Bangalore,Mumbai,Economy,1,11209.345
Bangalore,Mumbai,Economy,2,6909.985000000001
Bangalore,Mumbai,Economy,4,7602.47
Bangalore,Mumbai,Economy,5,11453.355
Bangalore,Mumbai,Economy,6,7202.62
Bangalore,Mumbai,Economy,7,8473.695
Bangalore,Mumbai,Economy,9,7071.71
Bangalore,Mumbai,Economy,10,8047.21
Bangalore,Mumbai,Economy,11,7256.92
Bangalore,Mumbai,Economy,14,6527.145
Bangalore,Mumbai,Economy,18,5726.3
Bangalore,Mumbai,Economy,19,4683.62
Bangalore,Mumbai,Economy,20,5438.72
Bangalore,Mumbai,Economy,21,5348.004999999999
Bangalore,Mumbai,Economy,22,6688.62
Bangalore,Mumbai,Economy,23,6138.955
Bangalore,Mumbai,Economy,24,6264.32
Bangalore,Mumbai,Economy,25,6130.2
Bangalore,Mumbai,Economy,26,6195.13
Bangalore,Mumbai,Economy,29,5929.46
Bangalore,Mumbai,Economy,30,5764.745
Bangalore,Mumbai,Economy,31,7366.61
Bangalore,Mumbai,Economy,32,6581.535
Bangalore,Mumbai,Economy,33,5990.46
Bangalore,Mumbai,Economy,34,5527.01
Bangalore,Mumbai,Economy,35,6109.75
Bangalore,Mumbai,Economy,36,5114.1
Bangalore,Mumbai,Economy,37,5852.01
Bangalore,Mumbai,Economy,38,8050.32
Bangalore,Mumbai,Economy,40,6336.72
Bangalore,Mumbai,Economy,41,6568.71
Bangalore,Mumbai,Economy,42,3637.93
Bangalore,Mumbai,Economy,43,8689.035
Bangalore,Mumbai,Economy,44,5232.16
Bangalore,Mumbai,Economy,45,5254.6849999999995
Bangalore,Mumbai,Economy,46,3836.88
Bangalore,Mumbai,Economy,47,4996.655
Bangalore,Mumbai,Economy,48,8888.4
Bangalore,Mumbai,Economy,51,4221.78
Bangalore,Mumbai,Economy,52,3834.43
Bangalore,Mumbai,Economy,53,5514.46
Bangalore,Mumbai,Economy,54,4499.125
Bangalore,Mumbai,Economy,55,5513.405000000001
Bangalore,Mumbai,Economy,56,4988.465
Bangalore,Mumbai,Economy,57,4542.53
Bangalore,Mumbai,Economy,58,5055.96
Bangalore,Mumbai,Economy,59,5720.49
Bangalore,Mumbai,Economy,60,5022.825
Chennai,Bangalore,Business,1,32636.795
Chennai,Bangalore,Business,5,40992.57
Chennai,Bangalore,Business,7,25965.934999999998
Chennai,Bangalore,Business,10,31170.73
Chennai,Bangalore,Business,14,21108.355
Chennai,Bangalore,Business,21,18051.725000000002
Chennai,Bangalore,Business,25,9942.17
Chennai,Bangalore,Business,30,16674.355
Chennai,Bangalore,Business,33,17804.93
Chennai,Bangalore,Business,37,9137.67
Chennai,Bangalore,Business,44,22112.74
Chennai,Bangalore,Business,45,15767.62
Chennai,Bangalore,Business,50,8915.19
Chennai,Bangalore,Business,53,24981.92
Chennai,Bangalore,Business,55,13223.685000000001
Chennai,Bangalore,Business,56,9150.91
Chennai,Bangalore,Business,57,20862.3
Chennai,Bangalore,Business,58,9505.47
Chennai,Bangalore,Business,60,15243.505000000001
Chennai,Bangalore,Economy,1,12938.43
Chennai,Bangalore,Economy,2,12409.1
Chennai,Bangalore,Economy,4,20461.19
Chennai,Bangalore,Economy,6,7691.89
Chennai,Bangalore,Economy,7,7608.47
Chennai,Bangalore,Economy,8,9300.26
Chennai,Bangalore,Economy,9,6461.68
Chennai,Bangalore,Economy,11,10106.59
Chennai,Bangalore,Economy,12,7826.54
Chennai,Bangalore,Economy,13,3969.12
Chennai,Bangalore,Economy,14,6180.88
Chennai,Bangalore,Economy,16,4235.95
Chennai,Bangalore,Economy,17,4967.21
Chennai,Bangalore,Economy,18,6320.62
Chennai,Bangalore,Economy,20,3745.76
Chennai,Bangalore,Economy,21,5433.45
Chennai,Bangalore,Economy,22,6040.389999999999
Chennai,Bangalore,Economy,25,6135.9
Chennai,Bangalore,Economy,28,6433.57
Chennai,Bangalore,Economy,29,5997.59
Chennai,Bangalore,Economy,30,5202.84
Chennai,Bangalore,Economy,31,3934.48
Chennai,Bangalore,Economy,34,5174.74
Chennai,Bangalore,Economy,35,4219.555
Chennai,Bangalore,Economy,37,6445.91
Chennai,Bangalore,Economy,38,6071.11
Chennai,Bangalore,Economy,39,5066.825
Chennai,Bangalore,Economy,40,7002.53
Chennai,Bangalore,Economy,41,5507.87
Chennai,Bangalore,Economy,42,6831.325
Chennai,Bangalore,Economy,43,4607.05
Chennai,Bangalore,Economy,45,4895.02
Chennai,Bangalore,Economy,46,3888.025
Chennai,Bangalore,Economy,47,7051.79
Chennai,Bangalore,Economy,48,2907.89
Chennai,Bangalore,Economy,50,4545.42
Chennai,Bangalore,Economy,51,5456.99
Chennai,Bangalore,Economy,52,6158.91
Chennai,Bangalore,Economy,53,4914.08
Chennai,Bangalore,Economy,55,7391.16
Chennai,Bangalore,Economy,56,6045.34
Chennai,Bangalore,Economy,60,5551.64
Chennai,Delhi,Business,1,29869.39
Chennai,Delhi,Business,7,22851.73
Chennai,Delhi,Business,14,19790.44
Chennai,Delhi,Business,16,16065.09
Chennai,Delhi,Business,18,14092.02
Chennai,Delhi,Business,20,12261.94
Chennai,Delhi,Business,21,14230.47
Chennai,Delhi,Business,23,17883.02
Chennai,Delhi,Business,30,12487.11
Chennai,Delhi,Business,35,7366.95
Chennai,Delhi,Business,37,8411.43
Chennai,Delhi,Business,38,7767.2
Chennai,Delhi,Business,39,10801.869999999999
Chennai,Delhi,Business,42,11774.83
Chennai,Delhi,Business,45,13253.98
Chennai,Delhi,Business,47,9152.52
Chennai,Delhi,Business,49,9152.42
Chennai,Delhi,Business,52,13532.46
Chennai,Delhi,Business,53,20360.32
Chennai,Delhi,Business,57,17111.34
Chennai,Delhi,Business,59,14431.31
Chennai,Delhi,Business,60,13029.17
Chennai,Delhi,Economy,1,9972.92
Chennai,Delhi,Economy,2,13699.78
Chennai,Delhi,Economy,3,9545.55
Chennai,Delhi,Economy,4,13088.35
Chennai,Delhi,Economy,5,8824.175
Chennai,Delhi,Economy,6,9143.59
Chennai,Delhi,Economy,7,7061.844999999999
Chennai,Delhi,Economy,8,11242.08
Chennai,Delhi,Economy,9,5250.05
Chennai,Delhi,Economy,10,6375.23
Chennai,Delhi,Economy,11,6037.5650000000005
Chennai,Delhi,Economy,12,8738.1
Chennai,Delhi,Economy,13,11096.92
Chennai,Delhi,Economy,14,5821.445
Chennai,Delhi,Economy,15,7998.115
Chennai,Delhi,Economy,16,3856.46
Chennai,Delhi,Economy,17,6990.6900000000005
Chennai,Delhi,Economy,18,7023.254999999999
Chennai,Delhi,Economy,19,3847.29
Chennai,Delhi,Economy,20,3644.635
Chennai,Delhi,Economy,21,4265.015
Chennai,Delhi,Economy,22,3516.6850000000004
Chennai,Delhi,Economy,23,7070.99
Chennai,Delhi,Economy,24,5836.47
Chennai,Delhi,Economy,25,3259.975
Chennai,Delhi,Economy,26,2779.66
Chennai,Delhi,Economy,27,5578.445
Chennai,Delhi,Economy,28,3207.255
Chennai,Delhi,Economy,29,7483.09
Chennai,Delhi,Economy,30,3984.685
Chennai,Delhi,Economy,32,5106.045
Chennai,Delhi,Economy,33,5202.45
Chennai,Delhi,Economy,34,4824.98
Chennai,Delhi,Economy,35,5597.764999999999
Chennai,Delhi,Economy,36,7872.71
Chennai,Delhi,Economy,38,5271.42
Chennai,Delhi,Economy,39,6571.8
Chennai,Delhi,Economy,40,3135.5950000000003
Chennai,Delhi,Economy,41,3299.01
Chennai,Delhi,Economy,42,2772.59
Chennai,Delhi,Economy,43,3235.415
Chennai,Delhi,Economy,44,3509.34
Chennai,Delhi,Economy,45,4725.1
Chennai,Delhi,Economy,46,5875.93
Chennai,Delhi,Economy,47,4745.01
Chennai,Delhi,Economy,48,3609.795
Chennai,Delhi,Economy,49,3146.62
Chennai,Delhi,Economy,51,3707.7650000000003
Chennai,Delhi,Economy,52,5112.825
Chennai,Delhi,Economy,53,5935.19
Chennai,Delhi,Economy,54,3193.51
Chennai,Delhi,Economy,55,5086.89
Chennai,Delhi,Economy,56,3213.575
Chennai,Delhi,Economy,57,4480.775
Chennai,Delhi,Economy,58,6182.71
Chennai,Delhi,Economy,60,4228.26
Chennai,Hyderabad,Business,1,41347.425
Chennai,Hyderabad,Business,7,25364.4
Chennai,Hyderabad,Business,8,36275.84
Chennai,Hyderabad,Business,11,33658.07
Chennai,Hyderabad,Business,14,24444.114999999998
Chennai,Hyderabad,Business,21,17164.03
Chennai,Hyderabad,Business,26,18847.595
Chennai,Hyderabad,Business,28,16405.62
Chennai,Hyderabad,Business,30,21104.614999999998
Chennai,Hyderabad,Business,39,24443.07
Chennai,Hyderabad,Business,41,16745.08
Chennai,Hyderabad,Business,42,17965.78
Chennai,Hyderabad,Business,45,23539.6
Chennai,Hyderabad,Business,50,16340.66
Chennai,Hyderabad,Business,58,20377.31
Chennai,Hyderabad,Business,60,21020.17
Chennai,Hyderabad,Economy,1,11436.51
Chennai,Hyderabad,Economy,3,13018.43
Chennai,Hyderabad,Economy,4,7167.06
Chennai,Hyderabad,Economy,6,11006.85
Chennai,Hyderabad,Economy,7,8435.44
Chennai,Hyderabad,Economy,8,10161.79
Chennai,Hyderabad,Economy,10,5292.03
Chennai,Hyderabad,Economy,11,6585.92
Chennai,Hyderabad,Economy,12,3467.51
Chennai,Hyderabad,Economy,13,8363.54
Chennai,Hyderabad,Economy,14,6766.55
Chennai,Hyderabad,Economy,15,4545.13
Chennai,Hyderabad,Economy,16,3406.89
Chennai,Hyderabad,Economy,17,6070.7
Chennai,Hyderabad,Economy,18,4354.85
Chennai,Hyderabad,Economy,19,6181.69
Chennai,Hyderabad,Economy,21,5317.45
Chennai,Hyderabad,Economy,22,3589.67
Chennai,Hyderabad,Economy,24,3645.15
Chennai,Hyderabad,Economy,25,6909.575000000001
Chennai,Hyderabad,Economy,26,5176.97
Chennai,Hyderabad,Economy,27,7064.155000000001
Chennai,Hyderabad,Economy,29,5928.315
Chennai,Hyderabad,Economy,30,5084.39
Chennai,Hyderabad,Economy,31,6315.41
Chennai,Hyderabad,Economy,36,5177.54
Chennai,Hyderabad,Economy,37,3336.96
Chennai,Hyderabad,Economy,38,5224.755
Chennai,Hyderabad,Economy,39,4655.63
Chennai,Hyderabad,Economy,40,5910.19
Chennai,Hyderabad,Economy,43,6184.23
Chennai,Hyderabad,Economy,44,5781.98
Chennai,Hyderabad,Economy,45,4596.68
Chennai,Hyderabad,Economy,46,6548.57
Chennai,Hyderabad,Economy,47,7237.56
Chennai,Hyderabad,Economy,48,2977.76
Chennai,Hyderabad,Economy,50,4581.82
Chennai,Hyderabad,Economy,51,4690.53
Chennai,Hyderabad,Economy,54,2257.52
Chennai,Hyderabad,Economy,55,5172.375
Chennai,Hyderabad,Economy,56,2412.45
Chennai,Hyderabad,Economy,57,5027.21
Chennai,Hyderabad,Economy,58,3855.595
Chennai,Hyderabad,Economy,59,5050.06
Chennai,Hyderabad,Economy,60,4888.01
Chennai,Kolkata,Business,1,33155.025
Chennai,Kolkata,Business,7,22084.57
Chennai,Kolkata,Business,14,18934.165
Chennai,Kolkata,Business,15,15694.58
Chennai,Kolkata,Business,18,14065.63
Chennai,Kolkata,Business,19,16503.2
Chennai,Kolkata,Business,21,14953.23
Chennai,Kolkata,Business,29,16363.94
Chennai,Kolkata,Business,30,14925.17
Chennai,Kolkata,Business,33,16639.65
Chennai,Kolkata,Business,34,14758.14
Chennai,Kolkata,Business,38,15254.64
Chennai,Kolkata,Business,42,14764.65
Chennai,Kolkata,Business,45,15318.73
Chennai,Kolkata,Business,56,14149.09
Chennai,Kolkata,Business,59,13537.93
Chennai,Kolkata,Business,60,14956.29
Chennai,Kolkata,Economy,1,11612.67
Chennai,Kolkata,Economy,2,6569.2
Chennai,Kolkata,Economy,3,9462.369999999999
Chennai,Kolkata,Economy,5,5812.1
Chennai,Kolkata,Economy,6,7222.93
Chennai,Kolkata,Economy,7,8272.09
Chennai,Kolkata,Economy,8,9374.98
Chennai,Kolkata,Economy,9,8750.869999999999
Chennai,Kolkata,Economy,10,4514.63
Chennai,Kolkata,Economy,12,7674.02
Chennai,Kolkata,Economy,13,9911.52
Chennai,Kolkata,Economy,14,7136.305
Chennai,Kolkata,Economy,15,6176.97
Chennai,Kolkata,Economy,16,7512.26
Chennai,Kolkata,Economy,19,4409.2
Chennai,Kolkata,Economy,20,6947.91
Chennai,Kolkata,Economy,21,5031.29
Chennai,Kolkata,Economy,22,5033.92
Chennai,Kolkata,Economy,23,4780.3
Chennai,Kolkata,Economy,26,6615.799999999999
Chennai,Kolkata,Economy,27,5042.17
Chennai,Kolkata,Economy,28,2501.97
Chennai,Kolkata,Economy,30,4911.87
Chennai,Kolkata,Economy,32,5535.98
Chennai,Kolkata,Economy,33,3524.84
Chennai,Kolkata,Economy,36,4494.49
Chennai,Kolkata,Economy,37,11017.25
Chennai,Kolkata,Economy,38,4704.7699999999995
Chennai,Kolkata,Economy,39,6396.96
Chennai,Kolkata,Economy,41,4936.8
Chennai,Kolkata,Economy,42,4165.33
Chennai,Kolkata,Economy,43,5204.025
Chennai,Kolkata,Economy,44,3819.41
Chennai,Kolkata,Economy,45,5561.11
Chennai,Kolkata,Economy,47,4601.23
Chennai,Kolkata,Economy,49,4434.24
Chennai,Kolkata,Economy,50,6495.36
Chennai,Kolkata,Economy,51,5697.58
Chennai,Kolkata,Economy,54,4834.83
Chennai,Kolkata,Economy,55,5270.48
Chennai,Kolkata,Economy,56,4465.455
Chennai,Kolkata,Economy,57,6218.045
Chennai,Kolkata,Economy,59,4066.74
Chennai,Kolkata,Economy,60,5424.549999999999
Chennai,Mumbai,Business,1,39745.66
Chennai,Mumbai,Business,3,33809.259999999995
Chennai,Mumbai,Business,4,28745.49
Chennai,Mumbai,Business,6,33254.75
Chennai,Mumbai,Business,7,27943.98
Chennai,Mumbai,Business,8,28034.839999999997
Chennai,Mumbai,Business,9,35038.3
Chennai,Mumbai,Business,10,21554.94
Chennai,Mumbai,Business,13,22281.485
Chennai,Mumbai,Business,14,23911.52
Chennai,Mumbai,Business,15,21157.36
Chennai,Mumbai,Business,16,26156.07
Chennai,Mumbai,Business,17,20064.155
Chennai,Mumbai,Business,18,18002.7
Chennai,Mumbai,Business,19,18632.785
Chennai,Mumbai,Business,20,22755.735
Chennai,Mumbai,Business,21,19402.77
Chennai,Mumbai,Business,23,17896.29
Chennai,Mumbai,Business,25,21253.96
Chennai,Mumbai,Business,26,18547.54
Chennai,Mumbai,Business,30,17923.22
Chennai,Mumbai,Business,31,13795.18
Chennai,Mumbai,Business,34,17065.475
Chennai,Mumbai,Business,36,22946.31
Chennai,Mumbai,Business,37,15013.25
Chennai,Mumbai,Business,40,22494.96
Chennai,Mumbai,Business,41,18313.394999999997
Chennai,Mumbai,Business,42,21287.955
Chennai,Mumbai,Business,44,17154.485
Chennai,Mumbai,Business,45,16740.57
Chennai,Mumbai,Business,46,18278.1
Chennai,Mumbai,Business,47,20921.16
Chennai,Mumbai,Business,48,8218.42
Chennai,Mumbai,Business,50,21233.045
Chennai,Mumbai,Business,51,21992.745
Chennai,Mumbai,Business,54,15487.585
Chennai,Mumbai,Business,57,20684.225
Chennai,Mumbai,Business,60,17614.11
Chennai,Mumbai,Economy,1,11306.94
Chennai,Mumbai,Economy,2,9768.305
Chennai,Mumbai,Economy,3,8839.77
Chennai,Mumbai,Economy,4,11455.4
Chennai,Mumbai,Economy,5,8797.275
Chennai,Mumbai,Economy,6,6894.4349999999995
Chennai,Mumbai,Economy,7,8578.84
Chennai,Mumbai,Economy,8,10884.49
Chennai,Mumbai,Economy,9,8583.31
Chennai,Mumbai,Economy,10,8395.99
Chennai,Mumbai,Economy,11,9750.91
Chennai,Mumbai,Economy,12,7112.22
Chennai,Mumbai,Economy,13,6720.525
Chennai,Mumbai,Economy,14,6592.52
Chennai,Mumbai,Economy,15,7467.985
Chennai,Mumbai,Economy,16,4973.485000000001
Chennai,Mumbai,Economy,17,3177.54
Chennai,Mumbai,Economy,18,2825.81
Chennai,Mumbai,Economy,19,6154.46
Chennai,Mumbai,Economy,20,5011.25
Chennai,Mumbai,Economy,21,5527.5
Chennai,Mumbai,Economy,22,4979.18
Chennai,Mumbai,Economy,23,4924.0650000000005
Chennai,Mumbai,Economy,24,3834.59
Chennai,Mumbai,Economy,25,4998.77
Chennai,Mumbai,Economy,27,2879.43
Chennai,Mumbai,Economy,28,4757.57
Chennai,Mumbai,Economy,29,5177.78
Chennai,Mumbai,Economy,30,5589.92
Chennai,Mumbai,Economy,32,4785.99
Chennai,Mumbai,Economy,33,6535.8150000000005
Chennai,Mumbai,Economy,34,4031.5600000000004
Chennai,Mumbai,Economy,35,6174.81
Chennai,Mumbai,Economy,36,6491.94
Chennai,Mumbai,Economy,37,5987.5650000000005
Chennai,Mumbai,Economy,39,3632.16
Chennai,Mumbai,Economy,40,6275.0
Chennai,Mumbai,Economy,41,5187.0650000000005
Chennai,Mumbai,Economy,42,6201.004999999999
Chennai,Mumbai,Economy,43,5711.38
Chennai,Mumbai,Economy,44,7420.97
Chennai,Mumbai,Economy,45,4991.93
Chennai,Mumbai,Economy,46,4136.46
Chennai,Mumbai,Economy,47,4973.09
Chennai,Mumbai,Economy,48,5387.67
Chennai,Mumbai,Economy,49,5223.28
Chennai,Mumbai,Economy,50,4523.875
Chennai,Mumbai,Economy,51,2815.47
Chennai,Mumbai,Economy,52,3561.89
Chennai,Mumbai,Economy,53,7243.32
Chennai,Mumbai,Economy,55,5218.505
Chennai,Mumbai,Economy,56,2718.6000000000004
Chennai,Mumbai,Economy,57,5573.0599999999995
Chennai,Mumbai,Economy,58,5515.89
Chennai,Mumbai,Economy,60,5016.88
Delhi,Bangalore,Business,1,28101.0
Delhi,Bangalore,Business,2,38981.0
Delhi,Bangalore,Business,7,25170.5
Delhi,Bangalore,Business,9,35397.11
Delhi,Bangalore,Business,10,10121.81
Delhi,Bangalore,Business,14,16940.59
Delhi,Bangalore,Business,21,17366.33
Delhi,Bangalore,Business,23,8821.76
Delhi,Bangalore,Business,28,24096.18
Delhi,Bangalore,Business,30,18657.1
Delhi,Bangalore,Business,32,9206.21
Delhi,Bangalore,Business,35,8364.47
Delhi,Bangalore,Business,38,8976.13
Delhi,Bangalore,Business,41,8081.46
Delhi,Bangalore,Business,43,26239.36
Delhi,Bangalore,Business,45,17361.39
Delhi,Bangalore,Business,46,18982.36
Delhi,Bangalore,Business,60,18821.934999999998
Delhi,Bangalore,Economy,1,10752.64
Delhi,Bangalore,Economy,2,10418.375
Delhi,Bangalore,Economy,3,7211.65
Delhi,Bangalore,Economy,4,7663.66
Delhi,Bangalore,Economy,5,12828.075
Delhi,Bangalore,Economy,6,6096.11
Delhi,Bangalore,Economy,7,7006.25
Delhi,Bangalore,Economy,8,5137.12
Delhi,Bangalore,Economy,9,5929.6
Delhi,Bangalore,Economy,10,6762.95
Delhi,Bangalore,Economy,11,5914.139999999999
Delhi,Bangalore,Economy,12,7062.27
Delhi,Bangalore,Economy,13,5607.25
Delhi,Bangalore,Economy,14,5625.86
Delhi,Bangalore,Economy,15,7872.275000000001
Delhi,Bangalore,Economy,16,9938.56
Delhi,Bangalore,Economy,18,3560.48
Delhi,Bangalore,Economy,20,3651.1800000000003
Delhi,Bangalore,Economy,21,4535.55
Delhi,Bangalore,Economy,23,3316.58
Delhi,Bangalore,Economy,24,3625.03
Delhi,Bangalore,Economy,25,7826.745
Delhi,Bangalore,Economy,26,8176.155000000001
Delhi,Bangalore,Economy,27,5585.700000000001
Delhi,Bangalore,Economy,28,4398.245
Delhi,Bangalore,Economy,30,5062.93
Delhi,Bangalore,Economy,31,3674.54
Delhi,Bangalore,Economy,32,4629.65
Delhi,Bangalore,Economy,33,6155.91
Delhi,Bangalore,Economy,35,5718.91
Delhi,Bangalore,Economy,36,4244.38
Delhi,Bangalore,Economy,37,6179.34
Delhi,Bangalore,Economy,38,5621.375
Delhi,Bangalore,Economy,39,4465.77
Delhi,Bangalore,Economy,40,7121.8099999999995
Delhi,Bangalore,Economy,41,2912.41
Delhi,Bangalore,Economy,42,5471.125
Delhi,Bangalore,Economy,43,5426.56
Delhi,Bangalore,Economy,44,7545.91
Delhi,Bangalore,Economy,45,4693.65
Delhi,Bangalore,Economy,46,6261.155
Delhi,Bangalore,Economy,49,5686.605
Delhi,Bangalore,Economy,50,2874.12
Delhi,Bangalore,Economy,51,5501.605
Delhi,Bangalore,Economy,53,4175.025
Delhi,Bangalore,Economy,54,3198.825
Delhi,Bangalore,Economy,55,4638.575
Delhi,Bangalore,Economy,56,5231.45
Delhi,Bangalore,Economy,57,3502.28
Delhi,Bangalore,Economy,58,5360.125
Delhi,Bangalore,Economy,59,6576.725
Delhi,Bangalore,Economy,60,4539.91
Delhi,Chennai,Business,1,34473.03
Delhi,Chennai,Business,3,32452.739999999998
Delhi,Chennai,Business,5,43706.16
Delhi,Chennai,Business,6,22694.6
Delhi,Chennai,Business,7,30492.92
Delhi,Chennai,Business,8,20936.92
Delhi,Chennai,Business,9,39595.61
Delhi,Chennai,Business,14,18588.86
Delhi,Chennai,Business,18,14109.13
Delhi,Chennai,Business,19,14832.99
Delhi,Chennai,Business,20,22388.44
Delhi,Chennai,Business,21,17001.37
Delhi,Chennai,Business,23,15830.92
Delhi,Chennai,Business,25,16439.08
Delhi,Chennai,Business,27,23422.11
Delhi,Chennai,Business,30,15998.46
Delhi,Chennai,Business,31,10199.18
Delhi,Chennai,Business,45,12641.81
Delhi,Chennai,Business,46,25340.65
Delhi,Chennai,Business,47,12902.72
Delhi,Chennai,Business,51,29816.12
Delhi,Chennai,Business,54,14436.69
Delhi,Chennai,Business,60,14381.34
Delhi,Chennai,Economy,1,14170.58
Delhi,Chennai,Economy,2,10754.585
Delhi,Chennai,Economy,3,11343.15
Delhi,Chennai,Economy,4,12372.56
Delhi,Chennai,Economy,5,8095.17
Delhi,Chennai,Economy,7,9280.52
Delhi,Chennai,Economy,8,10660.48
Delhi,Chennai,Economy,9,10898.355
Delhi,Chennai,Economy,10,7619.955
Delhi,Chennai,Economy,11,8749.87
Delhi,Chennai,Economy,13,8557.0
Delhi,Chennai,Economy,14,7340.84
Delhi,Chennai,Economy,15,7078.16
Delhi,Chennai,Economy,16,6459.37
Delhi,Chennai,Economy,17,5890.65
Delhi,Chennai,Economy,18,6811.67
Delhi,Chennai,Economy,19,5773.08
Delhi,Chennai,Economy,20,6771.46
Delhi,Chennai,Economy,21,6170.47
Delhi,Chennai,Economy,22,6616.23
Delhi,Chennai,Economy,23,7378.84
Delhi,Chennai,Economy,24,4052.78
Delhi,Chennai,Economy,25,7924.19
Delhi,Chennai,Economy,26,6614.875
Delhi,Chennai,Economy,27,8442.02
Delhi,Chennai,Economy,28,5558.29
Delhi,Chennai,Economy,30,5514.56
Delhi,Chennai,Economy,32,3789.28
Delhi,Chennai,Economy,34,7194.91
Delhi,Chennai,Economy,35,5240.935
Delhi,Chennai,Economy,36,5462.84
Delhi,Chennai,Economy,37,4805.37
Delhi,Chennai,Economy,38,5966.24
Delhi,Chennai,Economy,41,7160.34
Delhi,Chennai,Economy,42,7983.27
Delhi,Chennai,Economy,43,6454.5599999999995
Delhi,Chennai,Economy,45,5818.76
Delhi,Chennai,Economy,46,5146.835
Delhi,Chennai,Economy,47,6939.9
Delhi,Chennai,Economy,48,3375.92
Delhi,Chennai,Economy,49,7092.17
Delhi,Chennai,Economy,50,6113.205
Delhi,Chennai,Economy,51,6318.7
Delhi,Chennai,Economy,53,5341.5599999999995
Delhi,Chennai,Economy,54,4821.13
Delhi,Chennai,Economy,56,16421.36
Delhi,Chennai,Economy,57,5396.995
Delhi,Chennai,Economy,58,6180.06
Delhi,Chennai,Economy,59,4631.83
Delhi,Chennai,Economy,60,6293.67
Delhi,Hyderabad,Business,1,44997.66
Delhi,Hyderabad,Business,2,54168.56
Delhi,Hyderabad,Business,3,43098.03
Delhi,Hyderabad,Business,4,25441.4
Delhi,Hyderabad,Business,7,36232.68
Delhi,Hyderabad,Business,8,31345.405
Delhi,Hyderabad,Business,9,40451.81
Delhi,Hyderabad,Business,12,18769.28
Delhi,Hyderabad,Business,14,28408.205
Delhi,Hyderabad,Business,17,30168.07
Delhi,Hyderabad,Business,18,27102.82
Delhi,Hyderabad,Business,20,18929.81
Delhi,Hyderabad,Business,21,20345.385000000002
Delhi,Hyderabad,Business,22,14313.54
Delhi,Hyderabad,Business,23,21698.4
Delhi,Hyderabad,Business,26,17736.85
Delhi,Hyderabad,Business,27,12322.88
Delhi,Hyderabad,Business,28,20701.44
Delhi,Hyderabad,Business,30,22344.47
Delhi,Hyderabad,Business,31,18150.51
Delhi,Hyderabad,Business,32,22072.29
Delhi,Hyderabad,Business,33,21073.07
Delhi,Hyderabad,Business,34,26514.74
Delhi,Hyderabad,Business,40,23429.04
Delhi,Hyderabad,Business,42,21327.03
Delhi,Hyderabad,Business,44,18203.504999999997
Delhi,Hyderabad,Business,45,20524.550000000003
Delhi,Hyderabad,Business,47,24725.54
Delhi,Hyderabad,Business,48,18042.46
Delhi,Hyderabad,Business,51,17251.84
Delhi,Hyderabad,Business,54,23081.85
Delhi,Hyderabad,Business,55,24527.63
Delhi,Hyderabad,Business,58,25071.28
Delhi,Hyderabad,Business,60,22234.645
Delhi,Hyderabad,Economy,1,11040.15
Delhi,Hyderabad,Economy,3,9288.575
Delhi,Hyderabad,Economy,4,9182.17
Delhi,Hyderabad,Economy,7,7989.43
Delhi,Hyderabad,Economy,9,7108.35
Delhi,Hyderabad,Economy,10,8460.12
Delhi,Hyderabad,Economy,11,8412.67
Delhi,Hyderabad,Economy,12,8740.71
Delhi,Hyderabad,Economy,14,6332.83
Delhi,Hyderabad,Economy,15,5602.66
Delhi,Hyderabad,Economy,16,8649.23
Delhi,Hyderabad,Economy,17,5351.8
Delhi,Hyderabad,Economy,18,5734.65
Delhi,Hyderabad,Economy,19,7400.94
Delhi,Hyderabad,Economy,20,6117.855
Delhi,Hyderabad,Economy,21,4893.55
Delhi,Hyderabad,Economy,22,6871.27
Delhi,Hyderabad,Economy,24,6978.47
Delhi,Hyderabad,Economy,26,3894.36
Delhi,Hyderabad,Economy,27,4282.13
Delhi,Hyderabad,Economy,28,3330.08
Delhi,Hyderabad,Economy,29,4884.42
Delhi,Hyderabad,Economy,30,5037.69
Delhi,Hyderabad,Economy,32,4628.66
Delhi,Hyderabad,Economy,33,3952.76
Delhi,Hyderabad,Economy,34,5402.27
Delhi,Hyderabad,Economy,35,6052.18
Delhi,Hyderabad,Economy,36,6898.84
Delhi,Hyderabad,Economy,37,3800.54
Delhi,Hyderabad,Economy,38,3829.63
Delhi,Hyderabad,Economy,39,5866.84
Delhi,Hyderabad,Economy,40,4970.16
Delhi,Hyderabad,Economy,42,5026.6849999999995
Delhi,Hyderabad,Economy,45,4811.57
Delhi,Hyderabad,Economy,46,4983.8
Delhi,Hyderabad,Economy,48,4401.63
Delhi,Hyderabad,Economy,49,3312.36
Delhi,Hyderabad,Economy,51,4670.29
Delhi,Hyderabad,Economy,52,3399.22
Delhi,Hyderabad,Economy,53,7285.03
Delhi,Hyderabad,Economy,56,5414.89
Delhi,Hyderabad,Economy,57,5901.17
Delhi,Hyderabad,Economy,58,6006.11
Delhi,Hyderabad,Economy,60,4472.07
Delhi,Kolkata,Business,1,36919.94
Delhi,Kolkata,Business,5,15576.43
Delhi,Kolkata,Business,6,14248.345000000001
Delhi,Kolkata,Business,7,28611.95
Delhi,Kolkata,Business,12,32682.33
Delhi,Kolkata,Business,13,22332.96
Delhi,Kolkata,Business,14,23441.83
Delhi,Kolkata,Business,15,9598.83
Delhi,Kolkata,Business,17,9456.54
Delhi,Kolkata,Business,19,13792.395
Delhi,Kolkata,Business,20,28326.19
Delhi,Kolkata,Business,21,18983.81
Delhi,Kolkata,Business,22,29181.39
Delhi,Kolkata,Business,23,22700.7
Delhi,Kolkata,Business,24,15613.07
Delhi,Kolkata,Business,25,13239.654999999999
Delhi,Kolkata,Business,28,21248.49
Delhi,Kolkata,Business,29,9501.08
Delhi,Kolkata,Business,30,19500.6
Delhi,Kolkata,Business,31,22158.81
Delhi,Kolkata,Business,32,27493.3
Delhi,Kolkata,Business,34,15144.585
Delhi,Kolkata,Business,36,15723.105
Delhi,Kolkata,Business,37,26348.41
Delhi,Kolkata,Business,38,13022.93
Delhi,Kolkata,Business,40,19220.17
Delhi,Kolkata,Business,41,9556.01
Delhi,Kolkata,Business,45,17849.07
Delhi,Kolkata,Business,46,11562.62
Delhi,Kolkata,Business,50,25969.85
Delhi,Kolkata,Business,51,8376.69
Delhi,Kolkata,Business,53,22916.725
Delhi,Kolkata,Business,54,22217.42
Delhi,Kolkata,Business,57,29789.27
Delhi,Kolkata,Business,58,24233.27
Delhi,Kolkata,Business,59,15882.38
Delhi,Kolkata,Business,60,24476.4
Delhi,Kolkata,Economy,1,13940.42
Delhi,Kolkata,Economy,3,16615.88
Delhi,Kolkata,Economy,6,10974.875
Delhi,Kolkata,Economy,7,9683.5
Delhi,Kolkata,Economy,8,8490.9
Delhi,Kolkata,Economy,10,11767.41
Delhi,Kolkata,Economy,11,5670.28
Delhi,Kolkata,Economy,12,8548.32
Delhi,Kolkata,Economy,14,7116.4
Delhi,Kolkata,Economy,15,6804.754999999999
Delhi,Kolkata,Economy,17,3931.79
Delhi,Kolkata,Economy,18,5818.504999999999
Delhi,Kolkata,Economy,20,5142.34
Delhi,Kolkata,Economy,21,6262.89
Delhi,Kolkata,Economy,23,7302.84
Delhi,Kolkata,Economy,26,6516.13
Delhi,Kolkata,Economy,27,5389.765
Delhi,Kolkata,Economy,29,4778.15
Delhi,Kolkata,Economy,30,5463.8
Delhi,Kolkata,Economy,31,7416.525
Delhi,Kolkata,Economy,32,2438.23
Delhi,Kolkata,Economy,34,8154.460000000001
Delhi,Kolkata,Economy,35,4407.69
Delhi,Kolkata,Economy,38,7077.08
Delhi,Kolkata,Economy,39,6924.4
Delhi,Kolkata,Economy,40,3641.25
Delhi,Kolkata,Economy,41,6698.63
Delhi,Kolkata,Economy,42,10262.16
Delhi,Kolkata,Economy,44,6156.44
Delhi,Kolkata,Economy,45,6657.19
Delhi,Kolkata,Economy,46,7088.165
Delhi,Kolkata,Economy,49,6072.1
Delhi,Kolkata,Economy,50,7847.435
Delhi,Kolkata,Economy,51,5131.005
Delhi,Kolkata,Economy,52,6277.49
Delhi,Kolkata,Economy,53,6152.87
Delhi,Kolkata,Economy,57,3791.35
Delhi,Kolkata,Economy,59,5039.94
Delhi,Kolkata,Economy,60,6914.02
Delhi,Mumbai,Business,1,41699.66
Delhi,Mumbai,Business,3,44924.25
Delhi,Mumbai,Business,4,44154.42
Delhi,Mumbai,Business,6,42692.49
Delhi,Mumbai,Business,7,31621.01
Delhi,Mumbai,Business,8,25858.78
Delhi,Mumbai,Business,10,25783.059999999998
Delhi,Mumbai,Business,14,23754.25
Delhi,Mumbai,Business,17,22340.09
Delhi,Mumbai,Business,18,13984.89
Delhi,Mumbai,Business,19,26220.0
Delhi,Mumbai,Business,21,19360.67
Delhi,Mumbai,Business,23,22371.74
Delhi,Mumbai,Business,26,23797.225
Delhi,Mumbai,Business,27,16524.555
Delhi,Mumbai,Business,29,21704.1
Delhi,Mumbai,Business,30,18707.31
Delhi,Mumbai,Business,31,17824.085
Delhi,Mumbai,Business,32,18584.5
Delhi,Mumbai,Business,34,34189.19
Delhi,Mumbai,Business,41,13940.54
Delhi,Mumbai,Business,42,12987.01
Delhi,Mumbai,Business,44,16041.0
Delhi,Mumbai,Business,45,18902.54
Delhi,Mumbai,Business,48,16452.86
Delhi,Mumbai,Business,50,20838.76
Delhi,Mumbai,Business,52,15815.64
Delhi,Mumbai,Business,54,15172.86
Delhi,Mumbai,Business,57,24213.0
Delhi,Mumbai,Business,58,28472.83
Delhi,Mumbai,Business,59,15639.62
Delhi,Mumbai,Business,60,20995.75
Delhi,Mumbai,Economy,1,11193.58
Delhi,Mumbai,Economy,4,16474.14
Delhi,Mumbai,Economy,5,5596.68
Delhi,Mumbai,Economy,6,9966.665
Delhi,Mumbai,Economy,7,8558.95
Delhi,Mumbai,Economy,10,6481.74
Delhi,Mumbai,Economy,11,8682.45
Delhi,Mumbai,Economy,12,5164.37
Delhi,Mumbai,Economy,13,3532.49
Delhi,Mumbai,Economy,14,5284.84
Delhi,Mumbai,Economy,15,3989.74
Delhi,Mumbai,Economy,17,5300.47
Delhi,Mumbai,Economy,20,4073.44
Delhi,Mumbai,Economy,21,4617.01
Delhi,Mumbai,Economy,22,5734.77
Delhi,Mumbai,Economy,24,4410.36
Delhi,Mumbai,Economy,25,4635.424999999999
Delhi,Mumbai,Economy,26,4212.82
Delhi,Mumbai,Economy,27,4308.555
Delhi,Mumbai,Economy,28,2816.7
Delhi,Mumbai,Economy,30,4186.13
Delhi,Mumbai,Economy,31,8836.26
Delhi,Mumbai,Economy,34,7475.4
Delhi,Mumbai,Economy,35,7728.19
Delhi,Mumbai,Economy,36,9229.0
Delhi,Mumbai,Economy,39,4173.175
Delhi,Mumbai,Economy,40,3924.91
Delhi,Mumbai,Economy,42,5369.91
Delhi,Mumbai,Economy,45,4363.43
Delhi,Mumbai,Economy,46,5465.32
Delhi,Mumbai,Economy,47,5091.505
Delhi,Mumbai,Economy,48,3285.35
Delhi,Mumbai,Economy,49,3863.72
Delhi,Mumbai,Economy,50,6243.28
Delhi,Mumbai,Economy,52,7346.41
Delhi,Mumbai,Economy,54,5372.73
Delhi,Mumbai,Economy,56,3421.3
Delhi,Mumbai,Economy,57,6642.555
Delhi,Mumbai,Economy,58,4151.67
Delhi,Mumbai,Economy,59,2750.8
Delhi,Mumbai,Economy,60,4687.88
Hyderabad,Bangalore,Business,1,37931.66
Hyderabad,Bangalore,Business,6,22677.11
Hyderabad,Bangalore,Business,7,28261.735
Hyderabad,Bangalore,Business,8,31113.7
Hyderabad,Bangalore,Business,11,25559.19
Hyderabad,Bangalore,Business,12,18924.71
Hyderabad,Bangalore,Business,13,30669.62
Hyderabad,Bangalore,Business,14,21396.215
Hyderabad,Bangalore,Business,21,16232.55
Hyderabad,Bangalore,Business,30,17017.5
Hyderabad,Bangalore,Business,31,11113.26
Hyderabad,Bangalore,Business,32,23752.43
Hyderabad,Bangalore,Business,38,13711.39
Hyderabad,Bangalore,Business,39,21158.18
Hyderabad,Bangalore,Business,41,11913.46
Hyderabad,Bangalore,Business,45,18632.71
Hyderabad,Bangalore,Business,46,15607.66
Hyderabad,Bangalore,Business,51,21598.54
Hyderabad,Bangalore,Business,52,13251.23
Hyderabad,Bangalore,Business,56,22895.54
Hyderabad,Bangalore,Business,60,17882.18
Hyderabad,Bangalore,Economy,1,11676.69
Hyderabad,Bangalore,Economy,2,7076.01
Hyderabad,Bangalore,Economy,3,14499.96
Hyderabad,Bangalore,Economy,4,9751.56
Hyderabad,Bangalore,Economy,5,5914.69
Hyderabad,Bangalore,Economy,7,9432.61
Hyderabad,Bangalore,Economy,8,10423.24
Hyderabad,Bangalore,Economy,10,6770.67
Hyderabad,Bangalore,Economy,11,10832.15
Hyderabad,Bangalore,Economy,12,7193.2
Hyderabad,Bangalore,Economy,13,6665.25
Hyderabad,Bangalore,Economy,14,7081.14
Hyderabad,Bangalore,Economy,15,8209.52
Hyderabad,Bangalore,Economy,16,5155.95
Hyderabad,Bangalore,Economy,17,6331.505
Hyderabad,Bangalore,Economy,18,6388.59
Hyderabad,Bangalore,Economy,19,6391.4349999999995
Hyderabad,Bangalore,Economy,20,5054.145
Hyderabad,Bangalore,Economy,21,5829.16
Hyderabad,Bangalore,Economy,22,2874.67
Hyderabad,Bangalore,Economy,24,6940.1
Hyderabad,Bangalore,Economy,25,7174.45
Hyderabad,Bangalore,Economy,27,7267.33
Hyderabad,Bangalore,Economy,28,3144.15
Hyderabad,Bangalore,Economy,29,5518.64
Hyderabad,Bangalore,Economy,30,6012.08
Hyderabad,Bangalore,Economy,31,3361.35
Hyderabad,Bangalore,Economy,32,4003.7799999999997
Hyderabad,Bangalore,Economy,33,4987.81
Hyderabad,Bangalore,Economy,34,5782.31
Hyderabad,Bangalore,Economy,35,4614.83
Hyderabad,Bangalore,Economy,36,8840.47
Hyderabad,Bangalore,Economy,37,9036.75
Hyderabad,Bangalore,Economy,38,7178.01
Hyderabad,Bangalore,Economy,39,7740.68
Hyderabad,Bangalore,Economy,40,5375.88
Hyderabad,Bangalore,Economy,41,7662.3
Hyderabad,Bangalore,Economy,42,5428.27
Hyderabad,Bangalore,Economy,43,4628.96
Hyderabad,Bangalore,Economy,44,6363.37
Hyderabad,Bangalore,Economy,45,5524.83
Hyderabad,Bangalore,Economy,46,7010.87
Hyderabad,Bangalore,Economy,47,7022.68
Hyderabad,Bangalore,Economy,48,4678.08
Hyderabad,Bangalore,Economy,49,3098.56
Hyderabad,Bangalore,Economy,50,5032.29
Hyderabad,Bangalore,Economy,52,4371.145
Hyderabad,Bangalore,Economy,53,6236.18
Hyderabad,Bangalore,Economy,54,4723.63
Hyderabad,Bangalore,Economy,56,7557.46
Hyderabad,Bangalore,Economy,58,7785.51
Hyderabad,Bangalore,Economy,59,7617.95
Hyderabad,Bangalore,Economy,60,6298.42
Hyderabad,Chennai,Business,1,44005.275
Hyderabad,Chennai,Business,5,17560.46
Hyderabad,Chennai,Business,6,17959.53
Hyderabad,Chennai,Business,7,26097.245
Hyderabad,Chennai,Business,9,32678.8
Hyderabad,Chennai,Business,10,29519.83
Hyderabad,Chennai,Business,11,33674.4
Hyderabad,Chennai,Business,14,21563.614999999998
Hyderabad,Chennai,Business,18,24175.12
Hyderabad,Chennai,Business,21,16881.524999999998
Hyderabad,Chennai,Business,30,20575.7
Hyderabad,Chennai,Business,35,21758.24
Hyderabad,Chennai,Business,42,11994.6
Hyderabad,Chennai,Business,44,13980.7
Hyderabad,Chennai,Business,45,15813.970000000001
Hyderabad,Chennai,Business,46,18643.99
Hyderabad,Chennai,Business,51,14585.45
Hyderabad,Chennai,Business,60,15065.745
Hyderabad,Chennai,Economy,1,11903.814999999999
Hyderabad,Chennai,Economy,2,14311.670000000002
Hyderabad,Chennai,Economy,3,10070.355
Hyderabad,Chennai,Economy,5,9696.445
Hyderabad,Chennai,Economy,7,7619.2
Hyderabad,Chennai,Economy,8,10095.27
Hyderabad,Chennai,Economy,9,8399.38
Hyderabad,Chennai,Economy,10,4433.76
Hyderabad,Chennai,Economy,12,6303.43
Hyderabad,Chennai,Economy,13,7530.38
Hyderabad,Chennai,Economy,14,6280.305
Hyderabad,Chennai,Economy,16,5892.62
Hyderabad,Chennai,Economy,17,4405.76
Hyderabad,Chennai,Economy,19,8000.72
Hyderabad,Chennai,Economy,20,3412.15
Hyderabad,Chennai,Economy,21,5069.255
Hyderabad,Chennai,Economy,22,6779.94
Hyderabad,Chennai,Economy,23,7034.26
Hyderabad,Chennai,Economy,24,6673.55
Hyderabad,Chennai,Economy,25,4060.3
Hyderabad,Chennai,Economy,26,6501.94
Hyderabad,Chennai,Economy,28,6221.0650000000005
Hyderabad,Chennai,Economy,29,4598.485
Hyderabad,Chennai,Economy,30,4832.27
Hyderabad,Chennai,Economy,31,4989.889999999999
Hyderabad,Chennai,Economy,32,3234.13
Hyderabad,Chennai,Economy,33,3735.19
Hyderabad,Chennai,Economy,34,6686.215
Hyderabad,Chennai,Economy,35,3871.51
Hyderabad,Chennai,Economy,36,6870.0
Hyderabad,Chennai,Economy,37,3483.03
Hyderabad,Chennai,Economy,38,7676.68
Hyderabad,Chennai,Economy,39,3705.55
Hyderabad,Chennai,Economy,42,5244.66
Hyderabad,Chennai,Economy,43,5077.005
Hyderabad,Chennai,Economy,44,3672.08
Hyderabad,Chennai,Economy,45,5159.82
Hyderabad,Chennai,Economy,46,5458.98
Hyderabad,Chennai,Economy,48,6607.26
Hyderabad,Chennai,Economy,49,4677.79
Hyderabad,Chennai,Economy,50,4922.3099999999995
Hyderabad,Chennai,Economy,51,2592.06
Hyderabad,Chennai,Economy,52,5770.78
Hyderabad,Chennai,Economy,53,5449.7
Hyderabad,Chennai,Economy,54,3994.44
Hyderabad,Chennai,Economy,55,7559.39
Hyderabad,Chennai,Economy,56,4866.48
Hyderabad,Chennai,Economy,57,4457.85
Hyderabad,Chennai,Economy,60,4408.24
Hyderabad,Delhi,Business,1,34958.979999999996
Hyderabad,Delhi,Business,3,28885.825
Hyderabad,Delhi,Business,7,24269.63
Hyderabad,Delhi,Business,11,24119.24
Hyderabad,Delhi,Business,12,24066.97
Hyderabad,Delhi,Business,14,18872.934999999998
Hyderabad,Delhi,Business,15,22341.57
Hyderabad,Delhi,Business,18,20858.98
Hyderabad,Delhi,Business,19,18685.43
Hyderabad,Delhi,Business,21,17172.855
Hyderabad,Delhi,Business,24,13236.85
Hyderabad,Delhi,Business,28,14976.83
Hyderabad,Delhi,Business,30,16511.33
Hyderabad,Delhi,Business,31,13596.55
Hyderabad,Delhi,Business,33,15327.14
Hyderabad,Delhi,Business,42,17224.4
Hyderabad,Delhi,Business,43,14057.24
Hyderabad,Delhi,Business,45,15163.035
Hyderabad,Delhi,Business,50,14288.26
Hyderabad,Delhi,Business,51,17145.61
Hyderabad,Delhi,Business,55,16800.29
Hyderabad,Delhi,Business,57,14540.6
Hyderabad,Delhi,Business,58,13062.14
Hyderabad,Delhi,Business,60,16364.475
Hyderabad,Delhi,Economy,1,10274.09
Hyderabad,Delhi,Economy,2,6747.43
Hyderabad,Delhi,Economy,5,14976.04
Hyderabad,Delhi,Economy,7,7012.92
Hyderabad,Delhi,Economy,8,5322.44
Hyderabad,Delhi,Economy,10,7427.01
Hyderabad,Delhi,Economy,11,5962.75
Hyderabad,Delhi,Economy,12,9823.78
Hyderabad,Delhi,Economy,14,6370.14
Hyderabad,Delhi,Economy,16,5100.54
Hyderabad,Delhi,Economy,17,5588.6
Hyderabad,Delhi,Economy,18,6800.79
Hyderabad,Delhi,Economy,19,4270.37
Hyderabad,Delhi,Economy,21,5167.07
Hyderabad,Delhi,Economy,22,4314.68
Hyderabad,Delhi,Economy,23,7600.3
Hyderabad,Delhi,Economy,24,5069.805
Hyderabad,Delhi,Economy,25,4208.35
Hyderabad,Delhi,Economy,28,7022.09
Hyderabad,Delhi,Economy,30,4491.73
Hyderabad,Delhi,Economy,31,3750.13
Hyderabad,Delhi,Economy,32,3056.26
Hyderabad,Delhi,Economy,35,7591.71
Hyderabad,Delhi,Economy,36,3771.13
Hyderabad,Delhi,Economy,40,4118.47
Hyderabad,Delhi,Economy,41,3113.86
Hyderabad,Delhi,Economy,42,5660.16
Hyderabad,Delhi,Economy,43,8524.02
Hyderabad,Delhi,Economy,44,6787.39
Hyderabad,Delhi,Economy,45,3901.67
Hyderabad,Delhi,Economy,46,3391.35
Hyderabad,Delhi,Economy,48,7639.1
Hyderabad,Delhi,Economy,49,6960.94
Hyderabad,Delhi,Economy,51,6098.8099999999995
Hyderabad,Delhi,Economy,52,4003.8
Hyderabad,Delhi,Economy,53,3519.39
Hyderabad,Delhi,Economy,55,5291.46
Hyderabad,Delhi,Economy,56,7409.79
Hyderabad,Delhi,Economy,58,3714.165
Hyderabad,Delhi,Economy,59,5411.515
Hyderabad,Delhi,Economy,60,4577.78
Hyderabad,Kolkata,Business,1,37405.3
Hyderabad,Kolkata,Business,7,25100.864999999998
Hyderabad,Kolkata,Business,8,31649.58
Hyderabad,Kolkata,Business,9,27285.12
Hyderabad,Kolkata,Business,10,26897.96
Hyderabad,Kolkata,Business,14,22874.38
Hyderabad,Kolkata,Business,21,15938.91
Hyderabad,Kolkata,Business,30,18643.955
Hyderabad,Kolkata,Business,32,19275.0
Hyderabad,Kolkata,Business,39,17864.65
Hyderabad,Kolkata,Business,45,19894.4
Hyderabad,Kolkata,Business,48,16894.65
Hyderabad,Kolkata,Business,52,16995.08
Hyderabad,Kolkata,Business,55,17347.12
Hyderabad,Kolkata,Business,56,14076.17
Hyderabad,Kolkata,Business,57,15817.36
Hyderabad,Kolkata,Business,58,16006.15
Hyderabad,Kolkata,Business,60,18305.86
Hyderabad,Kolkata,Economy,1,12219.84
Hyderabad,Kolkata,Economy,2,9079.869999999999
Hyderabad,Kolkata,Economy,4,13689.12
Hyderabad,Kolkata,Economy,5,4750.02
Hyderabad,Kolkata,Economy,6,5965.1849999999995
Hyderabad,Kolkata,Economy,7,8754.44
Hyderabad,Kolkata,Economy,9,7699.52
Hyderabad,Kolkata,Economy,10,7697.95
Hyderabad,Kolkata,Economy,11,5591.195
Hyderabad,Kolkata,Economy,12,7273.975
Hyderabad,Kolkata,Economy,13,5345.595
Hyderabad,Kolkata,Economy,14,7478.45
Hyderabad,Kolkata,Economy,15,3984.3450000000003
Hyderabad,Kolkata,Economy,17,5274.12
Hyderabad,Kolkata,Economy,18,6061.3
Hyderabad,Kolkata,Economy,19,3993.3
Hyderabad,Kolkata,Economy,20,8566.75
Hyderabad,Kolkata,Economy,21,5352.21
Hyderabad,Kolkata,Economy,22,5539.51
Hyderabad,Kolkata,Economy,23,8962.8
Hyderabad,Kolkata,Economy,24,5467.81
Hyderabad,Kolkata,Economy,25,6500.04
Hyderabad,Kolkata,Economy,26,5126.775
Hyderabad,Kolkata,Economy,29,6491.74
Hyderabad,Kolkata,Economy,30,5365.77
Hyderabad,Kolkata,Economy,31,2641.4
Hyderabad,Kolkata,Economy,32,4552.549999999999
Hyderabad,Kolkata,Economy,33,4931.0
Hyderabad,Kolkata,Economy,34,4749.55
Hyderabad,Kolkata,Economy,35,5394.58
Hyderabad,Kolkata,Economy,36,4240.87
Hyderabad,Kolkata,Economy,39,9385.35
Hyderabad,Kolkata,Economy,40,6047.85
Hyderabad,Kolkata,Economy,42,4261.76
Hyderabad,Kolkata,Economy,44,5446.735
Hyderabad,Kolkata,Economy,45,5558.61
Hyderabad,Kolkata,Economy,46,5186.139999999999
Hyderabad,Kolkata,Economy,47,2615.1
Hyderabad,Kolkata,Economy,48,5081.61
Hyderabad,Kolkata,Economy,50,5974.43
Hyderabad,Kolkata,Economy,51,4281.54
Hyderabad,Kolkata,Economy,52,4627.405000000001
Hyderabad,Kolkata,Economy,53,5214.5
Hyderabad,Kolkata,Economy,54,5606.875
Hyderabad,Kolkata,Economy,55,5512.85
Hyderabad,Kolkata,Economy,56,9050.66
Hyderabad,Kolkata,Economy,57,6730.46
Hyderabad,Kolkata,Economy,58,5868.765
Hyderabad,Kolkata,Economy,59,8090.365
Hyderabad,Kolkata,Economy,60,5126.89
Hyderabad,Mumbai,Business,1,36456.16
Hyderabad,Mumbai,Business,4,27205.04
Hyderabad,Mumbai,Business,5,22823.52
Hyderabad,Mumbai,Business,7,27100.19
Hyderabad,Mumbai,Business,11,22945.03
Hyderabad,Mumbai,Business,14,18486.42
Hyderabad,Mumbai,Business,15,15844.84
Hyderabad,Mumbai,Business,17,16251.08
Hyderabad,Mumbai,Business,18,15102.61
Hyderabad,Mumbai,Business,19,14807.37
Hyderabad,Mumbai,Business,20,19432.42
Hyderabad,Mumbai,Business,21,16176.25
Hyderabad,Mumbai,Business,24,11765.67
Hyderabad,Mumbai,Business,28,11362.93
Hyderabad,Mumbai,Business,30,16127.72
Hyderabad,Mumbai,Business,34,14924.46
Hyderabad,Mumbai,Business,35,17728.24
Hyderabad,Mumbai,Business,45,15275.28
Hyderabad,Mumbai,Business,50,16016.48
Hyderabad,Mumbai,Business,55,16567.91
Hyderabad,Mumbai,Business,59,18190.72
Hyderabad,Mumbai,Business,60,16551.41
Hyderabad,Mumbai,Economy,1,11184.69
Hyderabad,Mumbai,Economy,2,5900.25
Hyderabad,Mumbai,Economy,3,11848.89
Hyderabad,Mumbai,Economy,4,12046.45
Hyderabad,Mumbai,Economy,5,11018.29
Hyderabad,Mumbai,Economy,6,8904.95
Hyderabad,Mumbai,Economy,7,8444.34
Hyderabad,Mumbai,Economy,8,8595.91
Hyderabad,Mumbai,Economy,9,9505.195
Hyderabad,Mumbai,Economy,10,6743.125
Hyderabad,Mumbai,Economy,12,10312.08
Hyderabad,Mumbai,Economy,13,6479.7
Hyderabad,Mumbai,Economy,14,6042.04
Hyderabad,Mumbai,Economy,15,6187.62
Hyderabad,Mumbai,Economy,16,6691.7
Hyderabad,Mumbai,Economy,17,6576.775
Hyderabad,Mumbai,Economy,19,6512.26
Hyderabad,Mumbai,Economy,20,6521.59
Hyderabad,Mumbai,Economy,21,4730.61
Hyderabad,Mumbai,Economy,22,3573.55
Hyderabad,Mumbai,Economy,23,4054.54
Hyderabad,Mumbai,Economy,24,6218.795
Hyderabad,Mumbai,Economy,25,6711.14
Hyderabad,Mumbai,Economy,26,5676.8
Hyderabad,Mumbai,Economy,27,5977.55
Hyderabad,Mumbai,Economy,28,7015.01
Hyderabad,Mumbai,Economy,29,4543.605
Hyderabad,Mumbai,Economy,30,5324.24
Hyderabad,Mumbai,Economy,31,5112.875
Hyderabad,Mumbai,Economy,32,3654.32
Hyderabad,Mumbai,Economy,34,3582.36
Hyderabad,Mumbai,Economy,35,4602.075
Hyderabad,Mumbai,Economy,36,7248.09
Hyderabad,Mumbai,Economy,37,8431.57
Hyderabad,Mumbai,Economy,38,3733.29
Hyderabad,Mumbai,Economy,39,5844.12
Hyderabad,Mumbai,Economy,40,5297.065
Hyderabad,Mumbai,Economy,41,4340.08
Hyderabad,Mumbai,Economy,43,6514.97
Hyderabad,Mumbai,Economy,44,3943.73
Hyderabad,Mumbai,Economy,45,4891.28
Hyderabad,Mumbai,Economy,46,4996.75
Hyderabad,Mumbai,Economy,47,4353.54
Hyderabad,Mumbai,Economy,48,2677.07
Hyderabad,Mumbai,Economy,49,7265.72
Hyderabad,Mumbai,Economy,50,4928.8
Hyderabad,Mumbai,Economy,51,5565.950000000001
Hyderabad,Mumbai,Economy,52,3274.12
Hyderabad,Mumbai,Economy,53,3432.65
Hyderabad,Mumbai,Economy,54,6301.625
Hyderabad,Mumbai,Economy,55,5312.88
Hyderabad,Mumbai,Economy,57,5917.115
Hyderabad,Mumbai,Economy,58,5197.11
Hyderabad,Mumbai,Economy,59,4192.81
Hyderabad,Mumbai,Economy,60,4990.95
Kolkata,Bangalore,Business,1,32443.795
Kolkata,Bangalore,Business,7,31898.585
Kolkata,Bangalore,Business,12,29865.32
Kolkata,Bangalore,Business,14,20128.04
Kolkata,Bangalore,Business,21,14843.65
Kolkata,Bangalore,Business,24,8312.96
Kolkata,Bangalore,Business,30,17009.95
Kolkata,Bangalore,Business,31,8494.58
Kolkata,Bangalore,Business,34,8395.59
Kolkata,Bangalore,Business,35,8771.85
Kolkata,Bangalore,Business,36,8822.59
Kolkata,Bangalore,Business,37,7676.41
Kolkata,Bangalore,Business,39,9274.05
Kolkata,Bangalore,Business,40,22484.54
Kolkata,Bangalore,Business,44,25749.92
Kolkata,Bangalore,Business,45,16322.685000000001
Kolkata,Bangalore,Business,50,26262.0
Kolkata,Bangalore,Business,59,25742.91
Kolkata,Bangalore,Business,60,16302.055
Kolkata,Bangalore,Economy,1,11737.494999999999
Kolkata,Bangalore,Economy,3,12239.15
Kolkata,Bangalore,Economy,4,10284.880000000001
Kolkata,Bangalore,Economy,6,10981.17
Kolkata,Bangalore,Economy,7,8848.75
Kolkata,Bangalore,Economy,8,7150.705
Kolkata,Bangalore,Economy,9,9149.85
Kolkata,Bangalore,Economy,10,5919.55
Kolkata,Bangalore,Economy,11,10045.425
Kolkata,Bangalore,Economy,12,6310.88
Kolkata,Bangalore,Economy,13,8739.25
Kolkata,Bangalore,Economy,14,7203.595
Kolkata,Bangalore,Economy,15,8080.52
Kolkata,Bangalore,Economy,16,9743.3
Kolkata,Bangalore,Economy,17,4457.905
Kolkata,Bangalore,Economy,18,8432.53
Kolkata,Bangalore,Economy,19,5432.52
Kolkata,Bangalore,Economy,20,4592.17
Kolkata,Bangalore,Economy,21,5636.395
Kolkata,Bangalore,Economy,22,4850.33
Kolkata,Bangalore,Economy,23,5578.75
Kolkata,Bangalore,Economy,24,5448.42
Kolkata,Bangalore,Economy,25,5867.71
Kolkata,Bangalore,Economy,26,7004.44
Kolkata,Bangalore,Economy,27,4045.385
Kolkata,Bangalore,Economy,28,6604.82
Kolkata,Bangalore,Economy,30,5571.0599999999995
Kolkata,Bangalore,Economy,32,5444.26
Kolkata,Bangalore,Economy,34,8611.03
Kolkata,Bangalore,Economy,35,4374.5
Kolkata,Bangalore,Economy,36,2978.52
Kolkata,Bangalore,Economy,37,3873.95
Kolkata,Bangalore,Economy,38,4788.2
Kolkata,Bangalore,Economy,39,4417.05
Kolkata,Bangalore,Economy,40,7009.705
Kolkata,Bangalore,Economy,41,6741.16
Kolkata,Bangalore,Economy,42,8109.82
Kolkata,Bangalore,Economy,44,5512.889999999999
Kolkata,Bangalore,Economy,45,5420.695
Kolkata,Bangalore,Economy,46,3769.4
Kolkata,Bangalore,Economy,47,3591.725
Kolkata,Bangalore,Economy,48,6110.97
Kolkata,Bangalore,Economy,49,5342.75
Kolkata,Bangalore,Economy,50,5389.97
Kolkata,Bangalore,Economy,51,8218.89
Kolkata,Bangalore,Economy,52,6329.264999999999
Kolkata,Bangalore,Economy,53,8840.64
Kolkata,Bangalore,Economy,54,7671.49
Kolkata,Bangalore,Economy,55,4854.76
Kolkata,Bangalore,Economy,56,4828.174999999999
Kolkata,Bangalore,Economy,58,3826.51
Kolkata,Bangalore,Economy,59,6566.85
Kolkata,Bangalore,Economy,60,5674.905000000001
Kolkata,Chennai,Business,1,44894.05
Kolkata,Chennai,Business,7,36442.52
Kolkata,Chennai,Business,10,31728.86
Kolkata,Chennai,Business,14,24882.68
Kolkata,Chennai,Business,17,28390.68
Kolkata,Chennai,Business,21,21517.41
Kolkata,Chennai,Business,22,22827.48
Kolkata,Chennai,Business,30,25804.44
Kolkata,Chennai,Business,34,19573.34
Kolkata,Chennai,Business,40,23259.82
Kolkata,Chennai,Business,45,26343.67
Kolkata,Chennai,Business,52,23169.4
Kolkata,Chennai,Business,60,19462.2
Kolkata,Chennai,Economy,1,14057.02
Kolkata,Chennai,Economy,4,14476.785
Kolkata,Chennai,Economy,5,6112.74
Kolkata,Chennai,Economy,7,9246.87
Kolkata,Chennai,Economy,8,3534.15
Kolkata,Chennai,Economy,9,6003.719999999999
Kolkata,Chennai,Economy,10,8746.4
Kolkata,Chennai,Economy,11,8655.96
Kolkata,Chennai,Economy,12,9364.05
Kolkata,Chennai,Economy,13,7229.77
Kolkata,Chennai,Economy,14,6746.52
Kolkata,Chennai,Economy,17,6161.915
Kolkata,Chennai,Economy,18,5989.1
Kolkata,Chennai,Economy,19,7754.47
Kolkata,Chennai,Economy,20,5060.11
Kolkata,Chennai,Economy,21,6403.72
Kolkata,Chennai,Economy,23,5411.28
Kolkata,Chennai,Economy,24,4689.79
Kolkata,Chennai,Economy,25,3602.74
Kolkata,Chennai,Economy,26,6068.85
Kolkata,Chennai,Economy,27,5578.22
Kolkata,Chennai,Economy,28,3916.1
Kolkata,Chennai,Economy,30,4892.56
Kolkata,Chennai,Economy,31,7384.17
Kolkata,Chennai,Economy,32,4443.0
Kolkata,Chennai,Economy,33,5615.65
Kolkata,Chennai,Economy,34,5027.51
Kolkata,Chennai,Economy,35,2829.89
Kolkata,Chennai,Economy,36,3659.16
Kolkata,Chennai,Economy,38,6830.8
Kolkata,Chennai,Economy,39,6110.1
Kolkata,Chennai,Economy,44,5340.27
Kolkata,Chennai,Economy,45,6622.42
Kolkata,Chennai,Economy,46,6525.18
Kolkata,Chennai,Economy,47,6073.16
Kolkata,Chennai,Economy,49,7677.52
Kolkata,Chennai,Economy,50,5909.86
Kolkata,Chennai,Economy,51,5840.155000000001
Kolkata,Chennai,Economy,53,5786.004999999999
Kolkata,Chennai,Economy,55,6571.23
Kolkata,Chennai,Economy,58,8905.05
Kolkata,Chennai,Economy,59,5725.6900000000005
Kolkata,Chennai,Economy,60,6321.83
Kolkata,Delhi,Business,1,45808.44
Kolkata,Delhi,Business,3,56322.57
Kolkata,Delhi,Business,6,31280.6
Kolkata,Delhi,Business,7,36398.39
Kolkata,Delhi,Business,8,27838.45
Kolkata,Delhi,Business,10,36353.42
Kolkata,Delhi,Business,12,12408.95
Kolkata,Delhi,Business,13,22500.91
Kolkata,Delhi,Business,14,27666.199999999997
Kolkata,Delhi,Business,18,30541.05
Kolkata,Delhi,Business,19,18434.79
Kolkata,Delhi,Business,21,22893.67
Kolkata,Delhi,Business,25,25352.72
Kolkata,Delhi,Business,26,22480.905
Kolkata,Delhi,Business,28,29064.92
Kolkata,Delhi,Business,30,22414.375
Kolkata,Delhi,Business,32,11082.6
Kolkata,Delhi,Business,33,25838.06
Kolkata,Delhi,Business,34,8907.81
Kolkata,Delhi,Business,35,20391.76
Kolkata,Delhi,Business,38,10787.19
Kolkata,Delhi,Business,39,18016.55
Kolkata,Delhi,Business,42,16871.48
Kolkata,Delhi,Business,43,21513.85
Kolkata,Delhi,Business,45,23254.574999999997
Kolkata,Delhi,Business,47,19771.46
Kolkata,Delhi,Business,50,22594.87
Kolkata,Delhi,Business,54,24125.28
Kolkata,Delhi,Business,60,21316.905
Kolkata,Delhi,Economy,1,11852.4
Kolkata,Delhi,Economy,2,8560.395
Kolkata,Delhi,Economy,3,14797.150000000001
Kolkata,Delhi,Economy,4,12576.66
Kolkata,Delhi,Economy,5,6917.14
Kolkata,Delhi,Economy,6,7068.545
Kolkata,Delhi,Economy,7,7986.53
Kolkata,Delhi,Economy,8,7276.639999999999
Kolkata,Delhi,Economy,10,9388.66
Kolkata,Delhi,Economy,11,10116.025000000001
Kolkata,Delhi,Economy,12,5546.28
Kolkata,Delhi,Economy,13,4798.04
Kolkata,Delhi,Economy,14,6430.18
Kolkata,Delhi,Economy,16,8543.07
Kolkata,Delhi,Economy,17,6421.4
Kolkata,Delhi,Economy,18,4822.83
Kolkata,Delhi,Economy,19,7797.51
Kolkata,Delhi,Economy,20,4457.61
Kolkata,Delhi,Economy,21,4630.71
Kolkata,Delhi,Economy,22,3887.635
Kolkata,Delhi,Economy,23,5968.280000000001
Kolkata,Delhi,Economy,24,2572.67
Kolkata,Delhi,Economy,25,4105.99
Kolkata,Delhi,Economy,26,5413.695
Kolkata,Delhi,Economy,27,6731.495000000001
Kolkata,Delhi,Economy,28,3051.84
Kolkata,Delhi,Economy,29,5629.02
Kolkata,Delhi,Economy,30,4441.18
Kolkata,Delhi,Economy,31,7181.25
Kolkata,Delhi,Economy,32,4054.425
Kolkata,Delhi,Economy,33,3119.0950000000003
Kolkata,Delhi,Economy,34,5689.3
Kolkata,Delhi,Economy,35,6128.11
Kolkata,Delhi,Economy,36,6713.47
Kolkata,Delhi,Economy,37,4440.93
Kolkata,Delhi,Economy,38,5066.105
Kolkata,Delhi,Economy,39,4497.01
Kolkata,Delhi,Economy,40,4956.17
Kolkata,Delhi,Economy,41,8505.98
Kolkata,Delhi,Economy,42,3732.675
Kolkata,Delhi,Economy,43,5103.145
Kolkata,Delhi,Economy,44,3770.63
Kolkata,Delhi,Economy,45,5621.12
Kolkata,Delhi,Economy,46,5194.61
Kolkata,Delhi,Economy,48,6676.8
Kolkata,Delhi,Economy,49,4727.005
Kolkata,Delhi,Economy,50,3438.46
Kolkata,Delhi,Economy,51,8265.74
Kolkata,Delhi,Economy,52,4835.5
Kolkata,Delhi,Economy,53,6298.635
Kolkata,Delhi,Economy,54,7342.12
Kolkata,Delhi,Economy,57,6331.95
Kolkata,Delhi,Economy,58,4961.32
Kolkata,Delhi,Economy,59,5656.095
Kolkata,Delhi,Economy,60,5557.11
Kolkata,Hyderabad,Economy,1,9884.05
Kolkata,Hyderabad,Economy,3,43180.16
Kolkata,Hyderabad,Economy,4,7490.545
Kolkata,Hyderabad,Economy,7,6491.58
Kolkata,Hyderabad,Economy,9,6898.75
Kolkata,Hyderabad,Economy,11,3475.0
Kolkata,Hyderabad,Economy,12,4556.86
Kolkata,Hyderabad,Economy,13,14103.630000000001
Kolkata,Hyderabad,Economy,14,5068.24
Kolkata,Hyderabad,Economy,15,7965.21
Kolkata,Hyderabad,Economy,16,4966.18
Kolkata,Hyderabad,Economy,17,3520.91
Kolkata,Hyderabad,Economy,18,4667.01
Kolkata,Hyderabad,Economy,20,4807.28
Kolkata,Hyderabad,Economy,21,4482.1
Kolkata,Hyderabad,Economy,23,2945.295
Kolkata,Hyderabad,Economy,25,2505.02
Kolkata,Hyderabad,Economy,26,8396.49
Kolkata,Hyderabad,Economy,28,2453.64
Kolkata,Hyderabad,Economy,30,3698.15
Kolkata,Hyderabad,Economy,31,5043.9
Kolkata,Hyderabad,Economy,33,3610.825
Kolkata,Hyderabad,Economy,35,8627.77
Kolkata,Hyderabad,Economy,37,6570.24
Kolkata,Hyderabad,Economy,38,3195.88
Kolkata,Hyderabad,Economy,39,4939.6
Kolkata,Hyderabad,Economy,40,2703.79
Kolkata,Hyderabad,Economy,41,5585.52
Kolkata,Hyderabad,Economy,42,3327.99
Kolkata,Hyderabad,Economy,45,4984.34
Kolkata,Hyderabad,Economy,48,3491.5099999999998
Kolkata,Hyderabad,Economy,49,2144.28
Kolkata,Hyderabad,Economy,50,5807.44
Kolkata,Hyderabad,Economy,51,6123.77
Kolkata,Hyderabad,Economy,54,2144.1
Kolkata,Hyderabad,Economy,58,5650.96
Kolkata,Hyderabad,Economy,60,4625.96
Kolkata,Mumbai,Business,1,42220.345
Kolkata,Mumbai,Business,2,25479.95
Kolkata,Mumbai,Business,4,42234.275
Kolkata,Mumbai,Business,5,41172.02
Kolkata,Mumbai,Business,7,30353.745000000003
Kolkata,Mumbai,Business,9,33118.93
Kolkata,Mumbai,Business,11,17357.89
Kolkata,Mumbai,Business,12,26501.72
Kolkata,Mumbai,Business,14,24108.265
Kolkata,Mumbai,Business,16,20727.075
Kolkata,Mumbai,Business,17,24212.56
Kolkata,Mumbai,Business,18,22558.86
Kolkata,Mumbai,Business,21,20256.225
Kolkata,Mumbai,Business,23,24346.78
Kolkata,Mumbai,Business,24,19900.115
Kolkata,Mumbai,Business,28,13849.18
Kolkata,Mumbai,Business,30,20013.265
Kolkata,Mumbai,Business,31,13521.55
Kolkata,Mumbai,Business,33,13128.35
Kolkata,Mumbai,Business,35,22966.63
Kolkata,Mumbai,Business,37,22290.35
Kolkata,Mumbai,Business,38,20183.41
Kolkata,Mumbai,Business,40,24731.67
Kolkata,Mumbai,Business,44,17407.29
Kolkata,Mumbai,Business,45,20464.96
Kolkata,Mumbai,Business,47,22970.15
Kolkata,Mumbai,Business,48,18354.14
Kolkata,Mumbai,Business,50,15501.47
Kolkata,Mumbai,Business,53,18292.96
Kolkata,Mumbai,Business,57,17787.58
Kolkata,Mumbai,Business,59,30482.5
Kolkata,Mumbai,Business,60,18785.6
Kolkata,Mumbai,Economy,1,11440.275000000001
Kolkata,Mumbai,Economy,7,8791.185000000001
Kolkata,Mumbai,Economy,9,8676.34
Kolkata,Mumbai,Economy,11,6684.0
Kolkata,Mumbai,Economy,12,7831.049999999999
Kolkata,Mumbai,Economy,13,7079.655
Kolkata,Mumbai,Economy,14,6363.66
Kolkata,Mumbai,Economy,16,4949.96
Kolkata,Mumbai,Economy,17,7548.38
Kolkata,Mumbai,Economy,19,5923.55
Kolkata,Mumbai,Economy,20,6830.57
Kolkata,Mumbai,Economy,21,5294.22
Kolkata,Mumbai,Economy,22,6029.72
Kolkata,Mumbai,Economy,23,4752.94
Kolkata,Mumbai,Economy,25,4707.55
Kolkata,Mumbai,Economy,26,5211.87
Kolkata,Mumbai,Economy,28,6636.93
Kolkata,Mumbai,Economy,29,3951.63
Kolkata,Mumbai,Economy,30,5900.025
Kolkata,Mumbai,Economy,33,6832.88
Kolkata,Mumbai,Economy,34,5625.6900000000005
Kolkata,Mumbai,Economy,35,5034.55
Kolkata,Mumbai,Economy,36,6748.66
Kolkata,Mumbai,Economy,37,4543.46
Kolkata,Mumbai,Economy,38,4822.19
Kolkata,Mumbai,Economy,39,5221.0
Kolkata,Mumbai,Economy,42,6755.200000000001
Kolkata,Mumbai,Economy,43,4673.125
Kolkata,Mumbai,Economy,44,7507.905000000001
Kolkata,Mumbai,Economy,45,5149.495
Kolkata,Mumbai,Economy,46,4834.23
Kolkata,Mumbai,Economy,47,4972.85
Kolkata,Mumbai,Economy,48,6523.03
Kolkata,Mumbai,Economy,49,4929.925
Kolkata,Mumbai,Economy,50,4997.11
Kolkata,Mumbai,Economy,51,7063.200000000001
Kolkata,Mumbai,Economy,52,5087.15
Kolkata,Mumbai,Economy,53,7466.66
Kolkata,Mumbai,Economy,54,7437.09
Kolkata,Mumbai,Economy,56,4429.39
Kolkata,Mumbai,Economy,57,5586.52
Kolkata,Mumbai,Economy,58,4021.495
Kolkata,Mumbai,Economy,60,5433.125
Mumbai,Bangalore,Business,1,47474.85
Mumbai,Bangalore,Business,2,23004.47
Mumbai,Bangalore,Business,3,32537.2
Mumbai,Bangalore,Business,4,31312.39
Mumbai,Bangalore,Business,7,31370.84
Mumbai,Bangalore,Business,8,26667.16
Mumbai,Bangalore,Business,9,38404.3
Mumbai,Bangalore,Business,11,29709.635000000002
Mumbai,Bangalore,Business,13,32806.57
Mumbai,Bangalore,Business,14,26353.12
Mumbai,Bangalore,Business,15,22673.449999999997
Mumbai,Bangalore,Business,19,22890.26
Mumbai,Bangalore,Business,21,20073.68
Mumbai,Bangalore,Business,22,15646.64
Mumbai,Bangalore,Business,23,22031.46
Mumbai,Bangalore,Business,30,20907.81
Mumbai,Bangalore,Business,31,14553.099999999999
Mumbai,Bangalore,Business,32,20559.129999999997
Mumbai,Bangalore,Business,33,11034.78
Mumbai,Bangalore,Business,34,23400.16
Mumbai,Bangalore,Business,35,24219.43
Mumbai,Bangalore,Business,37,13674.24
Mumbai,Bangalore,Business,39,55076.075000000004
Mumbai,Bangalore,Business,42,20074.74
Mumbai,Bangalore,Business,44,22380.67
Mumbai,Bangalore,Business,45,20798.89
Mumbai,Bangalore,Business,49,20266.78
Mumbai,Bangalore,Business,50,20798.87
Mumbai,Bangalore,Business,53,19866.33
Mumbai,Bangalore,Business,54,12954.68
Mumbai,Bangalore,Business,56,28982.71
Mumbai,Bangalore,Business,59,20284.71
Mumbai,Bangalore,Business,60,21816.91
Mumbai,Bangalore,Economy,1,9952.78
Mumbai,Bangalore,Economy,2,10672.26
Mumbai,Bangalore,Economy,3,13524.39
Mumbai,Bangalore,Economy,4,8365.625
Mumbai,Bangalore,Economy,5,6090.58
Mumbai,Bangalore,Economy,7,7528.91
Mumbai,Bangalore,Economy,9,4667.39
Mumbai,Bangalore,Economy,11,3459.33
Mumbai,Bangalore,Economy,13,9938.115
Mumbai,Bangalore,Economy,14,6058.99
Mumbai,Bangalore,Economy,16,5183.145
Mumbai,Bangalore,Economy,17,4122.9
Mumbai,Bangalore,Economy,18,3977.53
Mumbai,Bangalore,Economy,19,4228.735
Mumbai,Bangalore,Economy,20,5819.45
Mumbai,Bangalore,Economy,21,4167.35
Mumbai,Bangalore,Economy,24,8957.5
Mumbai,Bangalore,Economy,25,3901.87
Mumbai,Bangalore,Economy,26,3156.34
Mumbai,Bangalore,Economy,27,7489.425
Mumbai,Bangalore,Economy,28,6714.55
Mumbai,Bangalore,Economy,29,7201.38
Mumbai,Bangalore,Economy,30,5079.53
Mumbai,Bangalore,Economy,31,4754.625
Mumbai,Bangalore,Economy,32,7160.78
Mumbai,Bangalore,Economy,33,4688.35
Mumbai,Bangalore,Economy,34,8454.54
Mumbai,Bangalore,Economy,35,4379.2
Mumbai,Bangalore,Economy,36,28190.3
Mumbai,Bangalore,Economy,37,3742.5699999999997
Mumbai,Bangalore,Economy,38,4643.78
Mumbai,Bangalore,Economy,39,3258.9
Mumbai,Bangalore,Economy,40,5040.78
Mumbai,Bangalore,Economy,41,3520.4900000000002
Mumbai,Bangalore,Economy,42,4249.625
Mumbai,Bangalore,Economy,43,4887.54
Mumbai,Bangalore,Economy,44,6925.5599999999995
Mumbai,Bangalore,Economy,45,4729.23
Mumbai,Bangalore,Economy,46,5493.04
Mumbai,Bangalore,Economy,47,6664.77
Mumbai,Bangalore,Economy,48,4576.04
Mumbai,Bangalore,Economy,49,7704.41
Mumbai,Bangalore,Economy,50,6909.825
Mumbai,Bangalore,Economy,51,3648.74
Mumbai,Bangalore,Economy,52,5324.04
Mumbai,Bangalore,Economy,54,5672.175
Mumbai,Bangalore,Economy,55,3739.24
Mumbai,Bangalore,Economy,56,7162.98
Mumbai,Bangalore,Economy,57,7890.98
Mumbai,Bangalore,Economy,58,5443.94
Mumbai,Bangalore,Economy,59,4732.525
Mumbai,Bangalore,Economy,60,5881.49
Mumbai,Chennai,Business,1,32028.45
Mumbai,Chennai,Business,5,25686.45
Mumbai,Chennai,Business,7,28534.69
Mumbai,Chennai,Business,14,18278.65
Mumbai,Chennai,Business,21,17152.72
Mumbai,Chennai,Business,30,15662.74
Mumbai,Chennai,Business,31,18421.2
Mumbai,Chennai,Business,44,20327.57
Mumbai,Chennai,Business,45,12157.25
Mumbai,Chennai,Business,48,15127.87
Mumbai,Chennai,Business,60,15636.38
Mumbai,Chennai,Economy,1,9910.84
Mumbai,Chennai,Economy,3,11003.25
Mumbai,Chennai,Economy,4,12794.58
Mumbai,Chennai,Economy,5,9207.6
Mumbai,Chennai,Economy,6,3655.55
Mumbai,Chennai,Economy,7,9455.869999999999
Mumbai,Chennai,Economy,8,7940.8550000000005
Mumbai,Chennai,Economy,9,6396.155000000001
Mumbai,Chennai,Economy,10,4107.96
Mumbai,Chennai,Economy,11,7663.76
Mumbai,Chennai,Economy,12,7958.75
Mumbai,Chennai,Economy,13,7639.75
Mumbai,Chennai,Economy,14,6310.5650000000005
Mumbai,Chennai,Economy,15,9419.92
Mumbai,Chennai,Economy,16,2735.95
Mumbai,Chennai,Economy,17,7451.9349999999995
Mumbai,Chennai,Economy,18,5772.49
Mumbai,Chennai,Economy,21,5384.615
Mumbai,Chennai,Economy,22,6124.325
Mumbai,Chennai,Economy,23,5749.09
Mumbai,Chennai,Economy,24,5466.31
Mumbai,Chennai,Economy,25,2757.18
Mumbai,Chennai,Economy,27,3101.705
Mumbai,Chennai,Economy,29,5117.28
Mumbai,Chennai,Economy,30,5633.865
Mumbai,Chennai,Economy,31,3463.61
Mumbai,Chennai,Economy,32,5000.895
Mumbai,Chennai,Economy,33,6120.65
Mumbai,Chennai,Economy,34,4308.045
Mumbai,Chennai,Economy,35,6262.27
Mumbai,Chennai,Economy,36,7039.88
Mumbai,Chennai,Economy,37,2590.79
Mumbai,Chennai,Economy,38,7047.19
Mumbai,Chennai,Economy,40,9423.39
Mumbai,Chennai,Economy,41,2676.21
Mumbai,Chennai,Economy,42,2532.6
Mumbai,Chennai,Economy,43,6019.11
Mumbai,Chennai,Economy,44,8211.44
Mumbai,Chennai,Economy,45,5239.455
Mumbai,Chennai,Economy,46,3251.0950000000003
Mumbai,Chennai,Economy,47,7489.375
Mumbai,Chennai,Economy,48,5290.85
Mumbai,Chennai,Economy,49,6515.91
Mumbai,Chennai,Economy,50,2921.68
Mumbai,Chennai,Economy,51,5494.84
Mumbai,Chennai,Economy,52,2264.58
Mumbai,Chennai,Economy,53,3848.235
Mumbai,Chennai,Economy,54,5806.61
Mumbai,Chennai,Economy,56,2970.855
Mumbai,Chennai,Economy,57,2579.755
Mumbai,Chennai,Economy,58,6604.04
Mumbai,Chennai,Economy,59,4533.38
Mumbai,Chennai,Economy,60,5428.95
Mumbai,Delhi,Business,1,29607.55
Mumbai,Delhi,Business,2,17677.15
Mumbai,Delhi,Business,6,19810.63
Mumbai,Delhi,Business,7,21335.03
Mumbai,Delhi,Business,10,19040.09
Mumbai,Delhi,Business,14,14944.06
Mumbai,Delhi,Business,17,17992.28
Mumbai,Delhi,Business,18,13499.12
Mumbai,Delhi,Business,19,13256.09
Mumbai,Delhi,Business,21,12719.38
Mumbai,Delhi,Business,22,11305.31
Mumbai,Delhi,Business,25,20034.045
Mumbai,Delhi,Business,28,23022.55
Mumbai,Delhi,Business,30,13825.36
Mumbai,Delhi,Business,36,15262.32
Mumbai,Delhi,Business,40,12914.81
Mumbai,Delhi,Business,41,12306.9
Mumbai,Delhi,Business,43,11447.55
Mumbai,Delhi,Business,45,12858.45
Mumbai,Delhi,Business,46,13431.04
Mumbai,Delhi,Business,47,21796.45
Mumbai,Delhi,Business,48,12057.19
Mumbai,Delhi,Business,50,19719.81
Mumbai,Delhi,Business,54,10823.18
Mumbai,Delhi,Business,55,12413.205
Mumbai,Delhi,Business,56,9815.72
Mumbai,Delhi,Business,58,12020.59
Mumbai,Delhi,Business,59,13281.9
Mumbai,Delhi,Business,60,11815.86
Mumbai,Delhi,Economy,1,8622.0
Mumbai,Delhi,Economy,5,6437.344999999999
Mumbai,Delhi,Economy,7,5221.84
Mumbai,Delhi,Economy,11,7252.38
Mumbai,Delhi,Economy,13,5486.3
Mumbai,Delhi,Economy,14,5268.92
Mumbai,Delhi,Economy,16,3097.7
Mumbai,Delhi,Economy,19,2801.88
Mumbai,Delhi,Economy,21,4381.95
Mumbai,Delhi,Economy,27,5421.110000000001
Mumbai,Delhi,Economy,29,3202.29
Mumbai,Delhi,Economy,30,4247.48
Mumbai,Delhi,Economy,32,5440.74
Mumbai,Delhi,Economy,36,3136.84
Mumbai,Delhi,Economy,42,6528.93
Mumbai,Delhi,Economy,43,5552.26
Mumbai,Delhi,Economy,45,3639.94
Mumbai,Delhi,Economy,46,5018.99
Mumbai,Delhi,Economy,47,4188.77
Mumbai,Delhi,Economy,51,2799.05
Mumbai,Delhi,Economy,52,5696.49
Mumbai,Delhi,Economy,53,3218.315
Mumbai,Delhi,Economy,54,2762.39
Mumbai,Delhi,Economy,56,3226.08
Mumbai,Delhi,Economy,60,4067.24
Mumbai,Hyderabad,Business,1,26703.3
Mumbai,Hyderabad,Business,6,15810.1
Mumbai,Hyderabad,Business,7,22953.08
Mumbai,Hyderabad,Business,9,16826.44
Mumbai,Hyderabad,Business,10,20926.26
Mumbai,Hyderabad,Business,14,17238.54
Mumbai,Hyderabad,Business,21,12917.03
Mumbai,Hyderabad,Business,23,23019.18
Mumbai,Hyderabad,Business,25,15712.224999999999
Mumbai,Hyderabad,Business,28,23098.54
Mumbai,Hyderabad,Business,29,9720.24
Mumbai,Hyderabad,Business,30,14593.65
Mumbai,Hyderabad,Business,35,11631.41
Mumbai,Hyderabad,Business,45,13224.77
Mumbai,Hyderabad,Business,46,20695.56
Mumbai,Hyderabad,Business,48,11528.52
Mumbai,Hyderabad,Business,51,16103.755
Mumbai,Hyderabad,Business,54,8912.47
Mumbai,Hyderabad,Business,58,10364.36
Mumbai,Hyderabad,Business,59,9374.3
Mumbai,Hyderabad,Business,60,14585.34
Mumbai,Hyderabad,Economy,1,9032.31
Mumbai,Hyderabad,Economy,2,8062.73
Mumbai,Hyderabad,Economy,3,9804.945
Mumbai,Hyderabad,Economy,4,10011.155
Mumbai,Hyderabad,Economy,5,11335.305
Mumbai,Hyderabad,Economy,6,10753.21
Mumbai,Hyderabad,Economy,7,7444.75
Mumbai,Hyderabad,Economy,8,6185.36
Mumbai,Hyderabad,Economy,9,5433.99
Mumbai,Hyderabad,Economy,10,5921.1
Mumbai,Hyderabad,Economy,11,9927.31
Mumbai,Hyderabad,Economy,12,8404.98
Mumbai,Hyderabad,Economy,13,4027.4
Mumbai,Hyderabad,Economy,14,4773.79
Mumbai,Hyderabad,Economy,15,3253.0
Mumbai,Hyderabad,Economy,16,3042.57
Mumbai,Hyderabad,Economy,17,7307.51
Mumbai,Hyderabad,Economy,18,5256.33
Mumbai,Hyderabad,Economy,19,3563.02
Mumbai,Hyderabad,Economy,20,2863.06
Mumbai,Hyderabad,Economy,21,4716.06
Mumbai,Hyderabad,Economy,22,6954.5
Mumbai,Hyderabad,Economy,23,4090.01
Mumbai,Hyderabad,Economy,25,4735.87
Mumbai,Hyderabad,Economy,26,5023.535
Mumbai,Hyderabad,Economy,27,3729.24
Mumbai,Hyderabad,Economy,28,5354.89
Mumbai,Hyderabad,Economy,29,6897.76
Mumbai,Hyderabad,Economy,30,4201.86
Mumbai,Hyderabad,Economy,31,6187.91
Mumbai,Hyderabad,Economy,32,4907.015
Mumbai,Hyderabad,Economy,33,4577.88
Mumbai,Hyderabad,Economy,35,2894.35
Mumbai,Hyderabad,Economy,36,5902.74
Mumbai,Hyderabad,Economy,38,4360.41
Mumbai,Hyderabad,Economy,39,4318.85
Mumbai,Hyderabad,Economy,41,5220.594999999999
Mumbai,Hyderabad,Economy,42,2515.97
Mumbai,Hyderabad,Economy,43,7622.95
Mumbai,Hyderabad,Economy,44,5691.91
Mumbai,Hyderabad,Economy,45,3548.88
Mumbai,Hyderabad,Economy,46,5157.815
Mumbai,Hyderabad,Economy,47,7964.2
Mumbai,Hyderabad,Economy,48,6272.36
Mumbai,Hyderabad,Economy,49,3116.7
Mumbai,Hyderabad,Economy,51,6456.19
Mumbai,Hyderabad,Economy,52,3233.79
Mumbai,Hyderabad,Economy,55,5674.855
Mumbai,Hyderabad,Economy,56,4839.98
Mumbai,Hyderabad,Economy,57,5508.23
Mumbai,Hyderabad,Economy,58,3069.77
Mumbai,Hyderabad,Economy,59,3448.99
Mumbai,Hyderabad,Economy,60,4526.19
Mumbai,Kolkata,Business,1,36394.305
Mumbai,Kolkata,Business,3,39637.24
Mumbai,Kolkata,Business,7,26230.715
Mumbai,Kolkata,Business,14,24430.205
Mumbai,Kolkata,Business,15,28606.56
Mumbai,Kolkata,Business,16,25841.455
Mumbai,Kolkata,Business,20,17426.5
Mumbai,Kolkata,Business,21,18966.225
Mumbai,Kolkata,Business,24,18017.48
Mumbai,Kolkata,Business,30,19118.295
Mumbai,Kolkata,Business,33,18888.93
Mumbai,Kolkata,Business,35,21078.77
Mumbai,Kolkata,Business,41,20103.66
Mumbai,Kolkata,Business,45,20510.425
Mumbai,Kolkata,Business,46,20578.94
Mumbai,Kolkata,Business,52,15159.19
Mumbai,Kolkata,Business,58,18605.12
Mumbai,Kolkata,Business,60,22218.805
Mumbai,Kolkata,Economy,1,11434.885
Mumbai,Kolkata,Economy,2,13447.38
Mumbai,Kolkata,Economy,3,10056.73
Mumbai,Kolkata,Economy,4,4099.45
Mumbai,Kolkata,Economy,5,9225.64
Mumbai,Kolkata,Economy,6,9008.22
Mumbai,Kolkata,Economy,7,9061.99
Mumbai,Kolkata,Economy,8,7540.33
Mumbai,Kolkata,Economy,9,7526.41
Mumbai,Kolkata,Economy,10,7573.55
Mumbai,Kolkata,Economy,12,5908.01
Mumbai,Kolkata,Economy,13,6093.99
Mumbai,Kolkata,Economy,14,6410.55
Mumbai,Kolkata,Economy,15,5540.94
Mumbai,Kolkata,Economy,16,6998.695
Mumbai,Kolkata,Economy,17,9157.185
Mumbai,Kolkata,Economy,18,5917.33
Mumbai,Kolkata,Economy,19,5215.51
Mumbai,Kolkata,Economy,20,5822.47
Mumbai,Kolkata,Economy,21,5748.785
Mumbai,Kolkata,Economy,22,6532.68
Mumbai,Kolkata,Economy,24,6410.945
Mumbai,Kolkata,Economy,25,6145.21
Mumbai,Kolkata,Economy,26,5175.495
Mumbai,Kolkata,Economy,27,3046.19
Mumbai,Kolkata,Economy,29,4988.27
Mumbai,Kolkata,Economy,30,5828.215
Mumbai,Kolkata,Economy,31,3292.93
Mumbai,Kolkata,Economy,32,5620.54
Mumbai,Kolkata,Economy,33,4294.06
Mumbai,Kolkata,Economy,34,5082.385
Mumbai,Kolkata,Economy,35,4460.44
Mumbai,Kolkata,Economy,36,5399.219999999999
Mumbai,Kolkata,Economy,37,6194.639999999999
Mumbai,Kolkata,Economy,38,7073.27
Mumbai,Kolkata,Economy,39,3538.26
Mumbai,Kolkata,Economy,40,4084.49
Mumbai,Kolkata,Economy,42,6846.615
Mumbai,Kolkata,Economy,43,5774.745000000001
Mumbai,Kolkata,Economy,44,4671.46
Mumbai,Kolkata,Economy,45,5587.55
Mumbai,Kolkata,Economy,46,4564.075
Mumbai,Kolkata,Economy,47,6018.63
Mumbai,Kolkata,Economy,49,4979.585
Mumbai,Kolkata,Economy,50,6513.965
Mumbai,Kolkata,Economy,51,5641.735
Mumbai,Kolkata,Economy,52,5506.525
Mumbai,Kolkata,Economy,53,3756.625
Mumbai,Kolkata,Economy,54,4918.44
Mumbai,Kolkata,Economy,55,6329.0
Mumbai,Kolkata,Economy,57,6670.75
Mumbai,Kolkata,Economy,58,16478.67
Mumbai,Kolkata,Economy,59,6946.4349999999995
Mumbai,Kolkata,Economy,60,5361.255
