mae_inr,rmse_inr,smape_percent,r2_price,r2_log_price,model,validation,fold,rows,interval80_coverage,interval80_mean_width_inr,pinball_p10,pinball_p90
2761.0358017719986,4333.7233448407815,28.664506848083377,0.7020180882165142,0.6680227063624463,Ridge,unseen-flight GroupKFold,1,1282,0.8315132605304212,8707.863136086482,713.2112741520588,851.4837802482933
3000.086507980597,4594.496174822114,30.88481061403491,0.665078271600354,0.6166566400242302,RandomForest,unseen-flight GroupKFold,1,1282,0.7870514820592823,8059.6239334941965,848.1153911975821,833.9240642046849
3020.5915002384063,4648.972121109805,31.133024563505813,0.6570889983693051,0.6122191842747959,LightGBM,unseen-flight GroupKFold,1,1282,0.8096723868954758,9062.414360031893,822.9556433902527,886.7825715392278
3148.0215792928434,5266.015500906807,30.93059322808384,0.5600211487320041,0.561353308592381,global_class,unseen-flight GroupKFold,1,1282,,,,
3729.096072028688,6351.17758911036,34.433044871719495,0.360005785299209,0.44960861865825685,route_class,unseen-flight GroupKFold,1,1282,,,,
3212.0719344500117,5443.5023270935835,30.27467490677813,0.5298630765204169,0.6023399123608854,route_class_days,unseen-flight GroupKFold,1,1282,,,,
3007.773873790526,5107.026524280211,30.820883471621695,0.6787606230752266,0.7005034027207216,Ridge,unseen-flight GroupKFold,2,1282,0.7597503900156006,7238.949935428074,672.7229001613331,1042.9911585654754
3145.193480778718,5311.52712305792,33.12044018291013,0.6525187660918148,0.647536074537505,RandomForest,unseen-flight GroupKFold,2,1282,0.7800312012480499,7750.683148594697,674.0001739057809,1068.9061297088926
3285.921969700665,5602.012465105385,34.07148946477563,0.6134722402344548,0.619017002806429,LightGBM,unseen-flight GroupKFold,2,1282,0.7730109204368175,7766.477351344696,682.8315386535785,1193.193750706412
3493.7560332487765,5951.107855341602,36.11463485174457,0.5637974595495755,0.549848773750014,global_class,unseen-flight GroupKFold,2,1282,,,,
3962.0900653780036,6658.3514810211045,39.56597113021488,0.45395808397209203,0.4643075659322431,route_class,unseen-flight GroupKFold,2,1282,,,,
3481.969835931455,5994.4273113607305,35.16173387367489,0.5574239131254324,0.5908946870218148,route_class_days,unseen-flight GroupKFold,2,1282,,,,
2886.2545786368,4270.243682782623,30.511914750175574,0.7261708805608718,0.6529948545145616,Ridge,unseen-flight GroupKFold,3,1282,0.7683307332293292,6740.1771125196965,746.9304554966981,830.8130679536918
2930.811694708529,4351.716851250588,30.616784836393673,0.7156222775348338,0.6449473026430842,RandomForest,unseen-flight GroupKFold,3,1282,0.7566302652106084,7031.393400910545,761.9427458804855,835.1534154747944
2926.8680882780054,4357.107968071546,30.176529631852794,0.7149172393979191,0.6487545433014339,LightGBM,unseen-flight GroupKFold,3,1282,0.7589703588143526,7006.383955724383,781.115864073619,825.4259744708927
3360.1098564981526,5401.2400350941025,32.1981305478592,0.5619120897948329,0.5649355588455944,global_class,unseen-flight GroupKFold,3,1282,,,,
3689.7333294906366,5891.3182023763775,34.61947388147026,0.4788061612198662,0.5059650621755927,route_class,unseen-flight GroupKFold,3,1282,,,,
3098.205085678873,4961.395456331465,29.608043673454752,0.6303574128379508,0.6531457182475833,route_class_days,unseen-flight GroupKFold,3,1282,,,,
2605.992993776028,3988.4259896592066,31.05497018266929,0.7109458248270488,0.6557005959977177,Ridge,unseen-flight GroupKFold,4,1282,0.7932917316692668,6587.097722970555,668.4250367673865,719.83919588312
2793.3244401060574,4339.860086858597,32.67767629492403,0.6577624733209428,0.5976312495120522,RandomForest,unseen-flight GroupKFold,4,1282,0.7909516380655226,7025.556080867564,762.3627196573017,773.910267745144
2647.5074063334646,3921.7891897791646,31.85861192909489,0.7205239079552279,0.6159125087882238,LightGBM,unseen-flight GroupKFold,4,1282,0.7753510140405616,6854.260303969371,683.7005044225842,714.2455100329101
3128.7793039025064,4846.577216737344,36.21486932008985,0.57317834595241,0.4755996474783667,global_class,unseen-flight GroupKFold,4,1282,,,,
3423.203729563548,5477.63295293495,37.78217117169885,0.4547922422708388,0.43737654889765765,route_class,unseen-flight GroupKFold,4,1282,,,,
2905.5175562232935,4612.671899464432,33.05913104462697,0.6133826852337487,0.5921643018157667,route_class_days,unseen-flight GroupKFold,4,1282,,,,
2706.622295816928,3998.0621195617555,33.302604838669815,0.6590024615205818,0.5631359931618749,Ridge,unseen-flight GroupKFold,5,1282,0.7932917316692668,7423.682497207098,713.8709376743072,707.0607846621484
2459.3036288578433,3522.1563595105263,31.01777106595749,0.7353515027991995,0.6251962549224247,RandomForest,unseen-flight GroupKFold,5,1282,0.8260530421216848,7497.593666044253,573.5627145684255,656.9913347529213
2546.3402162832163,3737.5369997668517,31.482157149848245,0.7019952613078616,0.6050509436516192,LightGBM,unseen-flight GroupKFold,5,1282,0.8354134165366615,7786.632497715189,668.119759188634,654.1093415874817
3056.566230493499,4562.121499304003,36.95787208972987,0.5559970421164971,0.4366046923373188,global_class,unseen-flight GroupKFold,5,1282,,,,
3332.9481640935346,5184.600621087136,38.21147839987038,0.4265668658031925,0.3749242817838023,route_class,unseen-flight GroupKFold,5,1282,,,,
2836.951634807853,4428.087098848534,33.380515172485595,0.5817032617291327,0.5404632746259843,route_class_days,unseen-flight GroupKFold,5,1282,,,,
