slice_dimension,slice,rows,mae_inr
class,Business,1292,6542.998070773432
class,Economy,5118,1937.4492409492425
route,Bangalore->Chennai,310,3184.0297024878305
route,Bangalore->Delhi,194,2974.433060995181
route,Bangalore->Hyderabad,269,1952.9129913905579
route,Bangalore->Kolkata,269,2130.8633349578436
route,Bangalore->Mumbai,207,2832.8742552838753
route,Chennai->Bangalore,147,3895.1821908004017
route,Chennai->Delhi,318,2711.9493322364956
route,Chennai->Hyderabad,161,2297.538651267593
route,Chennai->Kolkata,153,2139.859413587834
route,Chennai->Mumbai,334,2855.0738114124824
route,Delhi->Bangalore,243,3606.615213138492
route,Delhi->Chennai,207,3623.905367156087
route,Delhi->Hyderabad,210,2681.371210313634
route,Delhi->Kolkata,205,4689.736182612752
route,Delhi->Mumbai,182,3213.348391450468
route,Hyderabad->Bangalore,196,1899.8597186250254
route,Hyderabad->Chennai,207,2326.406594818626
route,Hyderabad->Delhi,143,2586.686729810347
route,Hyderabad->Kolkata,194,2152.2680245988913
route,Hyderabad->Mumbai,251,2179.2779262927716
route,Kolkata->Bangalore,226,3490.004169474393
route,Kolkata->Chennai,130,2374.860279083715
route,Kolkata->Delhi,272,3834.3671650850442
route,Kolkata->Hyderabad,91,2269.3615776302345
route,Kolkata->Mumbai,202,3101.6471969816844
route,Mumbai->Bangalore,275,3371.228110113853
route,Mumbai->Chennai,197,2339.0315652933027
route,Mumbai->Delhi,125,3197.4606955586737
route,Mumbai->Hyderabad,236,3107.6809442708845
route,Mumbai->Kolkata,256,2405.5461875367178
airline,AirAsia,1085,2799.8502706820877
airline,Air_India,1158,2753.124776798113
airline,GO_FIRST,1010,3036.566437412319
airline,IndiGo,1072,2952.7704549052273
airline,SpiceJet,1071,2992.658395360995
airline,Vistara,1014,2668.6622450875198
days_left,0-2,536,4790.633984998506
days_left,3-7,709,3652.9174628469045
days_left,8-14,833,2910.6384622744295
days_left,15-21,844,2495.5691281123986
days_left,22-30,943,2375.564477244162
days_left,31+,2545,2530.743002065672
stops,one,2771,2812.547183054801
stops,two_or_more,275,3453.8904960568925
stops,zero,3364,2861.483529119203
